REDE;NR_LATITUDE_LOJA;NR_LONGITUDE_LOJA;ID_LOJA_LEGADO;TIPO_LOJA;FL_ANALISE_MADURAS
RAIA;-23,001398399999999;-44,304622999999999;10001;CONCORRENTES;0
RAIA;-23,006436399999998;-44,317180099999987;10002;CONCORRENTES;0
RAIA;-22,874795200000001;-42,340365899999988;10003;CONCORRENTES;0
RAIA;-22,874051000000001;-42,338371599999988;10004;CONCORRENTES;0
RAIA;-22,545095;-44,170431000000001;10005;CONCORRENTES;0
RAIA;-22,545037099999998;-44,173215399999997;10006;CONCORRENTES;0
RAIA;-22,883216000000001;-42,018165000000003;10007;CONCORRENTES;0
RAIA;-22,9066902;-43,177342400000001;10008;CONCORRENTES;0
RAIA;-22,883577299999999;-42,025032799999998;10009;CONCORRENTES;0
RAIA;-22,878861199999999;-42,018551000000002;10010;CONCORRENTES;0
RAIA;-21,760520700000001;-41,309496799999998;10011;CONCORRENTES;0
RAIA;-21,751348;-41,335397899999997;10012;CONCORRENTES;0
RAIA;-21,762716300000001;-41,328646499999998;10013;CONCORRENTES;0
RAIA;-21,747492999999999;-41,322754699999997;10014;CONCORRENTES;0
RAIA;-21,768777100000001;-41,318797400000001;10015;CONCORRENTES;0
RAIA;-21,756217100000001;-41,323561400000003;10016;CONCORRENTES;0
RAIA;-21,763317000000001;-41,326504800000002;10017;CONCORRENTES;0
RAIA;-21,756537542149097;-41,333847818278144;10018;CONCORRENTES;0
RAIA;-22,643022999999999;-43,281717200000003;10019;CONCORRENTES;0
RAIA;-22,792684300000001;-43,300758000000002;10020;CONCORRENTES;0
RAIA;-22,7911155;-43,305376000000003;10021;CONCORRENTES;0
RAIA;-22,5247128;-42,981526500000001;10022;CONCORRENTES;0
RAIA;-22,738443199999999;-42,839357100000001;10023;CONCORRENTES;0
RAIA;-22,866682300000001;-43,763158900000001;10024;CONCORRENTES;0
RAIA;-21,204358899999999;-41,891557200000001;10025;CONCORRENTES;0
RAIA;-21,199080800000001;-41,897529200000001;10026;CONCORRENTES;0
RAIA;-22,385893899999999;-41,7808852;10027;CONCORRENTES;0
RAIA;-22,390237500000001;-41,786265700000001;10028;CONCORRENTES;0
RAIA;-22,379863199999999;-41,776476799999998;10029;CONCORRENTES;0
RAIA;-22,403483000000001;-41,797209000000002;10030;CONCORRENTES;0
RAIA;-22,656159299999999;-43,0379419;10031;CONCORRENTES;0
RAIA;-22,610285900000001;-43,177326999999998;10032;CONCORRENTES;0
RAIA;-22,913457600000001;-42,819756599999998;10033;CONCORRENTES;0
RAIA;-22,917972500000001;-42,817862800000007;10034;CONCORRENTES;0
RAIA;-22,964902299999999;-42,9790323;10035;CONCORRENTES;0
RAIA;-22,808964100000001;-43,4172814;10036;CONCORRENTES;0
RAIA;-22,8811474;-43,085704200000002;10037;CONCORRENTES;0
RAIA;-22,953464799999999;-43,0920597;10038;CONCORRENTES;0
RAIA;-22,941336499999998;-43,028479799999999;10039;CONCORRENTES;0
RAIA;-22,907059700000001;-43,103187800000001;10040;CONCORRENTES;0
RAIA;-22,920348700000002;-43,090595299999997;10041;CONCORRENTES;0
RAIA;-22,906376000000002;-43,056324199999999;10042;CONCORRENTES;0
RAIA;-22,937572400000001;-43,061819300000003;10043;CONCORRENTES;0
RAIA;-22,903595599999999;-43,116058700000004;10044;CONCORRENTES;0
RAIA;-22,903628999999999;-43,113883000000001;10045;CONCORRENTES;0
RAIA;-22,908963499999999;-43,108359800000002;10046;CONCORRENTES;0
RAIA;-22,893931200000001;-43,122566300000003;10047;CONCORRENTES;0
RAIA;-22,898704200000001;-43,106054899999997;10048;CONCORRENTES;0
RAIA;-22,903224999999999;-43,110443699999998;10049;CONCORRENTES;0
RAIA;-22,902181200000001;-43,103292000000003;10050;CONCORRENTES;0
RAIA;-22,8967925;-43,12388;10051;CONCORRENTES;0
RAIA;-22,9022212;-43,125331099999997;10052;CONCORRENTES;0
RAIA;-22,283951099999999;-42,531613900000004;10053;CONCORRENTES;0
RAIA;-22,302316000000001;-42,541211399999987;10054;CONCORRENTES;0
RAIA;-22,285270799999999;-42,532820899999997;10055;CONCORRENTES;0
RAIA;-22,7453869;-43,439268200000001;10056;CONCORRENTES;0
RAIA;-22,6877055;-43,443094199999997;10057;CONCORRENTES;0
RAIA;-22,760884799999999;-43,456071299999998;10058;CONCORRENTES;0
RAIA;-22,758969400000002;-43,477733600000001;10059;CONCORRENTES;0
RAIA;-22,388103000000001;-43,132441;10060;CONCORRENTES;0
RAIA;-22,5098153;-43,176544200000002;10061;CONCORRENTES;0
RAIA;-22,525402;-43,192611300000003;10062;CONCORRENTES;0
RAIA;-22,5080487;-43,171972799999999;10063;CONCORRENTES;0
RAIA;-22,489373499999999;-43,153616599999999;10064;CONCORRENTES;0
RAIA;-22,5053713;-43,180997099999999;10065;CONCORRENTES;0
RAIA;-22,469225000000002;-44,454408999999998;10066;CONCORRENTES;0
RAIA;-22,463128900000001;-44,4473865;10067;CONCORRENTES;0
RAIA;-22,712310899999999;-42,630035100000001;10068;CONCORRENTES;0
RAIA;-22,506947799999999;-41,926139200000001;10069;CONCORRENTES;0
RAIA;-22,5128655;-41,930596000000001;10070;CONCORRENTES;0
RAIA;-22,982269000000002;-43,216601746411612;10071;CONCORRENTES;0
RAIA;-23,020380899999999;-43,453600600000001;10072;CONCORRENTES;0
RAIA;-22,985248800000001;-43,226888000000002;10073;CONCORRENTES;0
RAIA;-22,986013;-43,227945800000001;10074;CONCORRENTES;0
RAIA;-22,984039200000002;-43,219157299999999;10075;CONCORRENTES;0
RAIA;-22,983485699999999;-43,217153600000003;10076;CONCORRENTES;0
RAIA;-22,982793300000001;-43,362822000000001;10077;CONCORRENTES;0
RAIA;-22,829125099999999;-43,319410699999999;10078;CONCORRENTES;0
RAIA;-22,908057700000001;-43,564712;10079;CONCORRENTES;0
RAIA;-22,915170400000001;-43,616903999999998;10080;CONCORRENTES;0
RAIA;-22,876509299999999;-43,464960599999998;10081;CONCORRENTES;0
RAIA;-23,004927500000001;-43,321649800000003;10082;CONCORRENTES;0
RAIA;-22,999956099999999;-43,414684299999998;10083;CONCORRENTES;0
RAIA;-23,000293200000002;-43,347378499999998;10084;CONCORRENTES;0
RAIA;-23,0086127;-43,446400300000001;10085;CONCORRENTES;0
RAIA;-23,012373700000001;-43,456632800000008;10086;CONCORRENTES;0
RAIA;-23,013820200000001;-43,467025599999999;10087;CONCORRENTES;0
RAIA;-23,015763499999998;-43,469886600000002;10088;CONCORRENTES;0
RAIA;-23,001413899999999;-43,331050300000001;10089;CONCORRENTES;0
RAIA;-23,0181912;-43,479491299999999;10090;CONCORRENTES;0
RAIA;-23,000016500000001;-43,333940200000001;10091;CONCORRENTES;0
RAIA;-23,000071399999999;-43,334680900000002;10092;CONCORRENTES;0
RAIA;-22,997658300000001;-43,358126800000001;10093;CONCORRENTES;0
RAIA;-22,998776599999999;-43,360340800000003;10094;CONCORRENTES;0
RAIA;-23,000141899999999;-43,3844931;10095;CONCORRENTES;0
RAIA;-22,886506300000001;-43,2841953;10096;CONCORRENTES;0
RAIA;-22,972484900000001;-43,392462299999998;10097;CONCORRENTES;0
RAIA;-22,922224199999999;-43,360753699999997;10098;CONCORRENTES;0
RAIA;-22,9572295;-43,176626400000004;10099;CONCORRENTES;0
RAIA;-23,009736100000001;-43,3506803;10100;CONCORRENTES;0
RAIA;-22,9219385;-43,235373299999999;10101;CONCORRENTES;0
RAIA;-22,9217671;-43,3704307;10102;CONCORRENTES;0
RAIA;-22,967517600000001;-43,182328700000006;10103;CONCORRENTES;0
RAIA;-22,971664100000002;-43,1877122;10104;CONCORRENTES;0
RAIA;-22,963968099999999;-43,174075999999999;10105;CONCORRENTES;0
RAIA;-22,975662499999999;-43,189679299999987;10106;CONCORRENTES;0
RAIA;-23,0150319;-43,305759899999998;10107;CONCORRENTES;0
RAIA;-22,877804600000001;-43,271486799999998;10108;CONCORRENTES;0
RAIA;-22,911608399999999;-43,175005499999997;10109;CONCORRENTES;0
RAIA;-22,9568701;-43,350814399999997;10110;CONCORRENTES;0
RAIA;-23,009171599999998;-43,306555099999997;10111;CONCORRENTES;0
RAIA;-22,9153026;-43,244272799999997;10112;CONCORRENTES;0
RAIA;-22,918810000000001;-43,550966000000003;10113;CONCORRENTES;0
RAIA;-22,9707437;-43,388728299999997;10114;CONCORRENTES;0
RAIA;-22,942698799999999;-43,340649399999997;10115;CONCORRENTES;0
RAIA;-22,8053463;-43,201886299999998;10116;CONCORRENTES;0
RAIA;-22,998363099999999;-43,269987999999998;10117;CONCORRENTES;0
RAIA;-22,8713704;-43,341298299999998;10118;CONCORRENTES;0
RAIA;-22,916675900000001;-43,377179299999987;10119;CONCORRENTES;0
RAIA;-22,927935000000002;-43,358968500000003;10120;CONCORRENTES;0
RAIA;-22,9744931;-43,413912799999999;10121;CONCORRENTES;0
RAIA;-22,911975099999999;-43,187943300000001;10122;CONCORRENTES;0
RAIA;-22,935026799999999;-43,335708599999997;10123;CONCORRENTES;0
RAIA;-22,965495799999999;-43,1806755;10124;CONCORRENTES;0
RAIA;-22,926086999999999;-43,245774249999997;10125;CONCORRENTES;0
RAIA;-22,8744835;-43,336736399999999;10126;CONCORRENTES;0
RAIA;-22,9243104;-43,228229900000002;10127;CONCORRENTES;0
RAIA;-22,928880599999999;-43,237225100000003;10128;CONCORRENTES;0
RAIA;-22,902709900000001;-43,559211500000004;10129;CONCORRENTES;0
RAIA;-22,904972900000001;-43,176391900000013;10130;CONCORRENTES;0
RAIA;-22,933695;-43,185720699999997;10131;CONCORRENTES;0
RAIA;-22,902967700000001;-43,282407300000003;10132;CONCORRENTES;0
RAIA;-22,904571900000001;-43,288652499999998;10133;CONCORRENTES;0
RAIA;-22,9261080507769;-43,17676466642228;10134;CONCORRENTES;0
RAIA;-22,930952999999999;-43,176195100000001;10135;CONCORRENTES;0
RAIA;-22,853748100000001;-43,350336599999999;10136;CONCORRENTES;0
RAIA;-22,903714799999999;-43,5568083;10137;CONCORRENTES;0
RAIA;-22,9693504;-43,186522699999998;10138;CONCORRENTES;0
RAIA;-22,879435600000001;-43,462580299999999;10139;CONCORRENTES;0
RAIA;-22,9254587;-43,232824099999988;10140;CONCORRENTES;0
RAIA;-22,9634441;-43,171878199999988;10141;CONCORRENTES;0
RAIA;-22,920924899999999;-43,218781700000001;10142;CONCORRENTES;0
RAIA;-22,964827400000001;-43,217588399999997;10143;CONCORRENTES;0
RAIA;-22,887870100000001;-43,284515399999997;10144;CONCORRENTES;0
RAIA;-22,887026899999999;-43,364290799999999;10145;CONCORRENTES;0
RAIA;-22,93807;-43,177497299999999;10146;CONCORRENTES;0
RAIA;-22,974977899999999;-43,227606199999997;10147;CONCORRENTES;0
RAIA;-22,920697799999999;-43,244779899999997;10148;CONCORRENTES;0
RAIA;-22,9633973;-43,175946000000003;10149;CONCORRENTES;0
RAIA;-22,9489199;-43,183985900000003;10150;CONCORRENTES;0
RAIA;-22,9559295;-43,192257400000003;10151;CONCORRENTES;0
RAIA;-22,806001599999998;-43,209418700000001;10152;CONCORRENTES;0
RAIA;-22,914930200000001;-43,186808599999999;10153;CONCORRENTES;0
RAIA;-22,9228147;-43,232193000000002;10154;CONCORRENTES;0
RAIA;-22,935232500000001;-43,174862300000001;10155;CONCORRENTES;0
RAIA;-22,9000713;-43,281203599999998;10156;CONCORRENTES;0
RAIA;-22,9809731;-43,190851899999998;10157;CONCORRENTES;0
RAIA;-22,8083092;-43,183445300000002;10158;CONCORRENTES;0
RAIA;-22,940472499999998;-43,338461500000001;10159;CONCORRENTES;0
RAIA;-22,9841993;-43,201108699999999;10160;CONCORRENTES;0
RAIA;-22,984551100000001;-43,195334199999998;10161;CONCORRENTES;0
RAIA;-22,983498600000001;-43,212603199999997;10162;CONCORRENTES;0
RAIA;-22,956350400000002;-43,197622500000001;10163;CONCORRENTES;0
RAIA;-22,953430999999998;-43,190400199999999;10164;CONCORRENTES;0
RAIA;-22,824312899999999;-43,007212699999997;10165;CONCORRENTES;0
RAIA;-22,8240722;-43,020341100000003;10166;CONCORRENTES;0
RAIA;-22,821794799999999;-43,041427300000002;10167;CONCORRENTES;0
RAIA;-22,7751117;-43,380684100000003;10168;CONCORRENTES;0
RAIA;-22,803359400000002;-43,367604200000002;10169;CONCORRENTES;0
RAIA;-22,8067077;-42,140857599999997;10170;CONCORRENTES;0
RAIA;-22,895515;-42,4714229;10171;CONCORRENTES;0
RAIA;-22,4112455;-42,965561200000003;10172;CONCORRENTES;0
RAIA;-22,4161;-42,972253199999997;10173;CONCORRENTES;0
RAIA;-22,421612799999998;-42,976677199999997;10174;CONCORRENTES;0
RAIA;-22,4371376;-42,978843099999999;10175;CONCORRENTES;0
RAIA;-22,115548199999999;-43,207450199999997;10176;CONCORRENTES;0
RAIA;-22,2402412;-43,694443800000002;10177;CONCORRENTES;0
RAIA;-22,512909499999999;-44,092337099999988;10178;CONCORRENTES;0
RAIA;-22,504011999999999;-44,091862399999997;10179;CONCORRENTES;0
RAIA;-22,499645300000001;-44,108899100000002;10180;CONCORRENTES;0
RAIA;-22,511306900000001;-44,084254999999999;10181;CONCORRENTES;0
RAIA;-22,519536800000001;-44,103944800000001;10182;CONCORRENTES;0
RAIA;-21,7804;-41,3254;10183;CONCORRENTES;0
RAIA;-22,723;-43,5601;10184;CONCORRENTES;0
RAIA;-22,9223;-43,2385;10185;CONCORRENTES;0
PACHECO;-22,7741;-43,3987;10186;CONCORRENTES;0
PACHECO;-23,0003241;-44,300606199999997;10187;CONCORRENTES;0
PACHECO;-23,003121799999999;-44,299699599999997;10188;CONCORRENTES;0
PACHECO;-23,008482399999998;-44,318328100000002;10189;CONCORRENTES;0
PACHECO;-22,8726707;-42,335794900000003;10190;CONCORRENTES;0
PACHECO;-22,867087699999999;-42,333548;10191;CONCORRENTES;0
PACHECO;-22,876033499999998;-42,339736899999998;10192;CONCORRENTES;0
PACHECO;-22,7447166;-41,967777599999998;10193;CONCORRENTES;0
PACHECO;-22,4692811;-43,826073899999997;10194;CONCORRENTES;0
PACHECO;-22,544767100000001;-44,171451900000001;10195;CONCORRENTES;0
PACHECO;-22,540616;-44,169268000000002;10196;CONCORRENTES;0
PACHECO;-22,7117422;-43,320985100000001;10197;CONCORRENTES;0
PACHECO;-22,772704200000003;-43,396962300000006;10198;CONCORRENTES;0
PACHECO;-22,714777600000001;-43,326129899999998;10199;CONCORRENTES;0
PACHECO;-22,764271600000001;-43,400521599999998;10200;CONCORRENTES;0
PACHECO;-22,7540844;-43,484447799999998;10201;CONCORRENTES;0
PACHECO;-22,878333999999999;-42,016973;10202;CONCORRENTES;0
PACHECO;-22,879691099999999;-42,018745699999997;10203;CONCORRENTES;0
PACHECO;-22,846589699999999;-42,029919200000002;10204;CONCORRENTES;0
PACHECO;-22,880454700000001;-42,020386299999998;10205;CONCORRENTES;0
PACHECO;-22,638497099999999;-42,011113899999998;10206;CONCORRENTES;0
PACHECO;-21,750952000000002;-41,336651000000003;10207;CONCORRENTES;0
PACHECO;-21,7595806;-41,333993900000003;10208;CONCORRENTES;0
PACHECO;-21,830756399999999;-41,273417100000003;10209;CONCORRENTES;0
PACHECO;-21,748306400000001;-41,322696299999997;10210;CONCORRENTES;0
PACHECO;-21,737977099999998;-41,3140219;10211;CONCORRENTES;0
PACHECO;-21,757962500000001;-41,323023200000002;10212;CONCORRENTES;0
PACHECO;-21,756012999999999;-41,323054900000002;10213;CONCORRENTES;0
PACHECO;-21,760858800000001;-41,329996899999998;10214;CONCORRENTES;0
PACHECO;-21,763585299999999;-41,311241000000003;10215;CONCORRENTES;0
PACHECO;-21,754322500000001;-41,348736700000003;10216;CONCORRENTES;0
PACHECO;-21,762437200000001;-41,324889800000001;10217;CONCORRENTES;0
PACHECO;-21,762453099999998;-41,332558200000001;10218;CONCORRENTES;0
PACHECO;-22,8547476;-43,021610500000001;10219;CONCORRENTES;0
PACHECO;-22,638867999999999;-43,271897000000003;10220;CONCORRENTES;0
PACHECO;-22,785533000000001;-43,309752099999997;10221;CONCORRENTES;0
PACHECO;-22,787049;-43,310747800000001;10222;CONCORRENTES;0
PACHECO;-22,790527100000002;-43,306742000000007;10223;CONCORRENTES;0
PACHECO;-22,795006699999998;-43,302653900000003;10224;CONCORRENTES;0
PACHECO;-22,787467100000001;-43,313283200000001;10225;CONCORRENTES;0
PACHECO;-22,679569399999998;-43,263407299999997;10226;CONCORRENTES;0
PACHECO;-22,796311200000002;-43,318886300000003;10227;CONCORRENTES;0
PACHECO;-22,5892503;-43,304204400000003;10228;CONCORRENTES;0
PACHECO;-22,6776418;-43,247727599999997;10229;CONCORRENTES;0
PACHECO;-22,620019299999999;-43,198250999999999;10230;CONCORRENTES;0
PACHECO;-22,7740148;-43,295419299999999;10231;CONCORRENTES;0
PACHECO;-22,7894893;-43,311827599999994;10232;CONCORRENTES;0
PACHECO;-22,787331300000002;-43,311760800000002;10233;CONCORRENTES;0
PACHECO;-22,525444699999998;-42,981638400000001;10234;CONCORRENTES;0
PACHECO;-22,840556400000001;-42,223127300000009;10235;CONCORRENTES;0
PACHECO;-22,7503128;-42,860211900000003;10236;CONCORRENTES;0
PACHECO;-22,7727638;-42,922155500000002;10237;CONCORRENTES;0
PACHECO;-22,746393800000003;-42,856309199999998;10238;CONCORRENTES;0
PACHECO;-22,870350800000001;-43,778699099999997;10239;CONCORRENTES;0
PACHECO;-22,8722548;-43,774774000000001;10240;CONCORRENTES;0
PACHECO;-22,870276700000002;-43,781473900000002;10241;CONCORRENTES;0
PACHECO;-22,870150899999999;-43,779326699999999;10242;CONCORRENTES;0
PACHECO;-21,207144899999999;-41,888958700000003;10243;CONCORRENTES;0
PACHECO;-22,372724399999999;-41,778350000000003;10244;CONCORRENTES;0
PACHECO;-22,3758193;-41,777147199999987;10245;CONCORRENTES;0
PACHECO;-22,395194;-41,783873;10246;CONCORRENTES;0
PACHECO;-22,4042949;-41,8021812;10247;CONCORRENTES;0
PACHECO;-22,609535000000001;-43,178462099999997;10248;CONCORRENTES;0
PACHECO;-22,659739399999999;-43,036268499999998;10249;CONCORRENTES;0
PACHECO;-22,656191700000001;-43,039481799999997;10250;CONCORRENTES;0
PACHECO;-22,655716999999999;-43,039037999999998;10251;CONCORRENTES;0
PACHECO;-22,916295099999999;-42,816313399999991;10252;CONCORRENTES;0
PACHECO;-22,9596467;-42,979560399999997;10253;CONCORRENTES;0
PACHECO;-22,917285499999998;-42,8177387;10254;CONCORRENTES;0
PACHECO;-22,782588799999999;-43,430252700000004;10255;CONCORRENTES;0
PACHECO;-22,785327899999999;-43,430231300000003;10256;CONCORRENTES;0
PACHECO;-22,810070899999999;-43,414701600000001;10257;CONCORRENTES;0
PACHECO;-22,8078988;-43,416086299999996;10258;CONCORRENTES;0
PACHECO;-22,809196700000001;-43,4172254;10259;CONCORRENTES;0
PACHECO;-22,808852600000002;-43,416948200000007;10260;CONCORRENTES;0
PACHECO;-22,808202399999999;-43,4160957;10261;CONCORRENTES;0
PACHECO;-22,810738400000002;-43,421071599999998;10262;CONCORRENTES;0
PACHECO;-22,8816533;-43,086379600000008;10263;CONCORRENTES;0
PACHECO;-22,938584500000001;-43,026585999999988;10264;CONCORRENTES;0
PACHECO;-22,914690400000001;-43,090681699999998;10265;CONCORRENTES;0
PACHECO;-22,908000099999999;-43,066702999999997;10266;CONCORRENTES;0
PACHECO;-22,912040000000001;-43,075240000000001;10267;CONCORRENTES;0
PACHECO;-22,891692299999999;-43,123370999999999;10268;CONCORRENTES;0
PACHECO;-22,893099800000002;-43,123519199999997;10269;CONCORRENTES;0
PACHECO;-22,907437599999998;-43,05974419999999;10270;CONCORRENTES;0
PACHECO;-22,950991800000001;-43,029262199999998;10271;CONCORRENTES;0
PACHECO;-22,938504900000002;-43,060654399999997;10272;CONCORRENTES;0
PACHECO;-22,906184799999995;-43,110897799999996;10273;CONCORRENTES;0
PACHECO;-22,894443200000001;-43,119608499999998;10274;CONCORRENTES;0
PACHECO;-22,894565499999999;-43,119119100000013;10275;CONCORRENTES;0
PACHECO;-22,893957199999999;-43,122433299999997;10276;CONCORRENTES;0
PACHECO;-22,904477499999999;-43,105821200000001;10277;CONCORRENTES;0
PACHECO;-22,901738949999999;-43,12220155;10278;CONCORRENTES;0
PACHECO;-22,898829800000001;-43,105631799999998;10279;CONCORRENTES;0
PACHECO;-22,898193800000001;-43,104078199999996;10280;CONCORRENTES;0
PACHECO;-22,903408299999999;-43,112236000000003;10281;CONCORRENTES;0
PACHECO;-22,902830399999999;-43,110766699999999;10282;CONCORRENTES;0
PACHECO;-22,904128799999999;-43,109335500000007;10283;CONCORRENTES;0
PACHECO;-22,905100300000001;-43,109193400000002;10284;CONCORRENTES;0
PACHECO;-22,9074706;-43,1060722;10285;CONCORRENTES;0
PACHECO;-22,9029053;-43,114885800000003;10286;CONCORRENTES;0
PACHECO;-22,9027092;-43,114895099999991;10287;CONCORRENTES;0
PACHECO;-22,904151299999999;-43,123187199999997;10288;CONCORRENTES;0
PACHECO;-22,8967925;-43,123880000000007;10289;CONCORRENTES;0
PACHECO;-22,891144799999996;-43,122528199999998;10290;CONCORRENTES;0
PACHECO;-22,8931167;-43,122473399999997;10291;CONCORRENTES;0
PACHECO;-22,2860552;-42,531726599999999;10292;CONCORRENTES;0
PACHECO;-22,295443;-42,538918;10293;CONCORRENTES;0
PACHECO;-22,2727377;-42,526440899999997;10294;CONCORRENTES;0
PACHECO;-22,785934099999999;-43,5434433;10295;CONCORRENTES;0
PACHECO;-22,758653200000001;-43,457614;10296;CONCORRENTES;0
PACHECO;-22,758597600000002;-43,4511234;10297;CONCORRENTES;0
PACHECO;-22,7581396;-43,452288899999999;10298;CONCORRENTES;0
PACHECO;-22,759805499999999;-43,448216100000003;10299;CONCORRENTES;0
PACHECO;-22,753267900000001;-43,454209600000013;10300;CONCORRENTES;0
PACHECO;-22,760242000000002;-43,449836699999999;10301;CONCORRENTES;0
PACHECO;-22,842403099999999;-43,608496500000001;10302;CONCORRENTES;0
PACHECO;-22,758763699999999;-43,450411199999998;10303;CONCORRENTES;0
PACHECO;-22,707091800000001;-43,429133700000001;10304;CONCORRENTES;0
PACHECO;-22,719163600000002;-43,524053700000003;10305;CONCORRENTES;0
PACHECO;-22,757186600000001;-43,452547000000003;10306;CONCORRENTES;0
PACHECO;-22,760368;-43,453712599999996;10307;CONCORRENTES;0
PACHECO;-22,7607949;-43,450491;10308;CONCORRENTES;0
PACHECO;-22,760884300000001;-43,447418699999993;10309;CONCORRENTES;0
PACHECO;-22,743709899999999;-43,486784999999998;10310;CONCORRENTES;0
PACHECO;-23,220737400000001;-44,722732499999999;10311;CONCORRENTES;0
PACHECO;-22,401039300000001;-43,134395499999997;10312;CONCORRENTES;0
PACHECO;-22,525995300000002;-43,1930458;10313;CONCORRENTES;0
PACHECO;-22,509108300000001;-43,1727864;10314;CONCORRENTES;0
PACHECO;-22,507272799999999;-43,191835400000002;10315;CONCORRENTES;0
PACHECO;-22,5090748;-43,169891499999999;10316;CONCORRENTES;0
PACHECO;-22,712644900000001;-43,576687499999998;10317;CONCORRENTES;0
PACHECO;-22,7155953;-43,556940700000006;10318;CONCORRENTES;0
PACHECO;-22,4638545;-44,448377699999988;10319;CONCORRENTES;0
PACHECO;-22,470093200000001;-44,460997399999997;10320;CONCORRENTES;0
PACHECO;-22,4670101;-44,453354699999998;10321;CONCORRENTES;0
PACHECO;-22,710522600000001;-42,623091199999998;10322;CONCORRENTES;0
PACHECO;-22,534479099999999;-41,963178999999997;10323;CONCORRENTES;0
PACHECO;-22,524281999999999;-41,940014499999997;10324;CONCORRENTES;0
PACHECO;-22,508079800000001;-41,927548600000001;10325;CONCORRENTES;0
PACHECO;-22,525707700000002;-41,942340600000001;10326;CONCORRENTES;0
PACHECO;-22,861888100000002;-43,4896034;10327;CONCORRENTES;0
PACHECO;-23,020120299999999;-43,483853699999997;10328;CONCORRENTES;0
PACHECO;-22,876680700000001;-43,343292900000002;10329;CONCORRENTES;0
PACHECO;-22,966282499999998;-43,180378599999997;10330;CONCORRENTES;0
PACHECO;-23,007560999999999;-43,307855499999995;10331;CONCORRENTES;0
PACHECO;-22,986026500000001;-43,227454999999999;10332;CONCORRENTES;0
PACHECO;-22,984065300000001;-43,219024999999988;10333;CONCORRENTES;0
PACHECO;-22,9836372;-43,219629900000008;10334;CONCORRENTES;0
PACHECO;-22,983799000000001;-43,220972000000003;10335;CONCORRENTES;0
PACHECO;-22,984839099999999;-43,225026100000001;10336;CONCORRENTES;0
PACHECO;-22,984078700000001;-43,223013399999999;10337;CONCORRENTES;0
PACHECO;-22,841094099999999;-43,368878600000002;10338;CONCORRENTES;0
PACHECO;-22,835365400000001;-43,2813619;10339;CONCORRENTES;0
PACHECO;-22,8397282;-43,311601199999998;10340;CONCORRENTES;0
PACHECO;-22,838862899999999;-43,295812300000001;10341;CONCORRENTES;0
PACHECO;-22,917113700000002;-43,632770099999988;10342;CONCORRENTES;0
PACHECO;-22,909473800000001;-43,580762700000001;10343;CONCORRENTES;0
PACHECO;-22,876951999999999;-43,465097700000001;10344;CONCORRENTES;0
PACHECO;-22,878471000000001;-43,464877199999997;10345;CONCORRENTES;0
PACHECO;-22,875973699999999;-43,464809099999997;10346;CONCORRENTES;0
PACHECO;-23,0006032;-43,354113399999996;10347;CONCORRENTES;0
PACHECO;-23,006364699999995;-43,432200899999998;10348;CONCORRENTES;0
PACHECO;-23,009201900000004;-43,444097599999999;10349;CONCORRENTES;0
PACHECO;-23,008240499999999;-43,444870199999997;10350;CONCORRENTES;0
PACHECO;-23,013232200000001;-43,459748699999999;10351;CONCORRENTES;0
PACHECO;-23,013252099999999;-43,464354999999991;10352;CONCORRENTES;0
PACHECO;-23,000051299999999;-43,333200400000003;10353;CONCORRENTES;0
PACHECO;-23,020289699999996;-43,487104100000003;10354;CONCORRENTES;0
PACHECO;-22,997658300000001;-43,358126800000001;10355;CONCORRENTES;0
PACHECO;-22,999923200000001;-43,3396081;10356;CONCORRENTES;0
PACHECO;-23,000749800000001;-43,383577500000001;10357;CONCORRENTES;0
PACHECO;-22,999558799999999;-43,404375299999998;10358;CONCORRENTES;0
PACHECO;-22,8788223;-43,429042399999993;10359;CONCORRENTES;0
PACHECO;-22,8862019;-43,282823200000003;10360;CONCORRENTES;0
PACHECO;-22,887300499999998;-43,285632199999988;10361;CONCORRENTES;0
PACHECO;-22,885276699999999;-43,298605599999988;10362;CONCORRENTES;0
PACHECO;-22,972783000000003;-43,392083499999991;10363;CONCORRENTES;0
PACHECO;-22,9443254;-43,367979299999988;10364;CONCORRENTES;0
PACHECO;-23,257733900000002;-43,343733;10365;CONCORRENTES;0
PACHECO;-22,920894100000002;-43,360437999999988;10366;CONCORRENTES;0
PACHECO;-22,989067299999999;-43,3615292;10367;CONCORRENTES;0
PACHECO;-22,881093199999999;-43,293871899999999;10368;CONCORRENTES;0
PACHECO;-22,9215315;-43,235431400000003;10369;CONCORRENTES;0
PACHECO;-22,8832874;-43,407937400000009;10370;CONCORRENTES;0
PACHECO;-23,001514700000001;-43,350558700000001;10371;CONCORRENTES;0
PACHECO;-22,838611400000001;-43,311544599999998;10372;CONCORRENTES;0
PACHECO;-22,873760399999998;-43,465082799999998;10373;CONCORRENTES;0
PACHECO;-22,871070700000001;-43,336086700000003;10374;CONCORRENTES;0
PACHECO;-22,874199000000001;-43,3373305;10375;CONCORRENTES;0
PACHECO;-22,833514999999995;-43,327471500000001;10376;CONCORRENTES;0
PACHECO;-22,846796300000001;-43,324316600000003;10377;CONCORRENTES;0
PACHECO;-22,9221906;-43,371018799999987;10378;CONCORRENTES;0
PACHECO;-22,964711600000001;-43,175310199999998;10379;CONCORRENTES;0
PACHECO;-22,966176099999998;-43,178159399999998;10380;CONCORRENTES;0
PACHECO;-22,966282499999995;-43,180378600000004;10381;CONCORRENTES;0
PACHECO;-22,969545499999999;-43,185423499999999;10382;CONCORRENTES;0
PACHECO;-22,971010400000001;-43,187106900000003;10383;CONCORRENTES;0
PACHECO;-22,972276300000001;-43,188023000000008;10384;CONCORRENTES;0
PACHECO;-22,973795299999999;-43,188525499999997;10385;CONCORRENTES;0
PACHECO;-23,013061950000001;-43,95898789999999;10386;CONCORRENTES;0
PACHECO;-23,01075655;-43,3047574;10387;CONCORRENTES;0
PACHECO;-22,795986899999999;-43,183664299999997;10388;CONCORRENTES;0
PACHECO;-22,877804600000001;-43,271486799999998;10389;CONCORRENTES;0
PACHECO;-22,901277;-43,180595699999998;10390;CONCORRENTES;0
PACHECO;-22,903125200000002;-43,178095000000006;10391;CONCORRENTES;0
PACHECO;-22,907068300000002;-43,177571499999999;10392;CONCORRENTES;0
PACHECO;-23,009592100000003;-43,316964800000001;10393;CONCORRENTES;0
PACHECO;-22,955884799999996;-43,349881500000002;10394;CONCORRENTES;0
PACHECO;-22,850057199999998;-43,311506899999998;10395;CONCORRENTES;0
PACHECO;-22,915496000000001;-43,243606999999997;10396;CONCORRENTES;0
PACHECO;-22,915536299999999;-43,246011000000003;10397;CONCORRENTES;0
PACHECO;-22,916808700000001;-43,249751600000003;10398;CONCORRENTES;0
PACHECO;-22,827185100000001;-43,316339199999987;10399;CONCORRENTES;0
PACHECO;-22,827185099999998;-43,316339199999987;10400;CONCORRENTES;0
PACHECO;-22,937826099999999;-43,374989700000008;10401;CONCORRENTES;0
PACHECO;-23,013195;-43,463090700000002;10402;CONCORRENTES;0
PACHECO;-22,955273200000004;-43,573965800000003;10403;CONCORRENTES;0
PACHECO;-22,999085699999998;-43,3043209;10404;CONCORRENTES;0
PACHECO;-22,810951500000002;-43,189997699999999;10405;CONCORRENTES;0
PACHECO;-23,000611800000001;-43,634076399999998;10406;CONCORRENTES;0
PACHECO;-22,954049300000001;-43,337886099999999;10407;CONCORRENTES;0
PACHECO;-22,941370800000001;-43,341931700000004;10408;CONCORRENTES;0
PACHECO;-22,8466962;-43,3394671;10409;CONCORRENTES;0
PACHECO;-22,914273099999999;-43,373845499999987;10410;CONCORRENTES;0
PACHECO;-22,8082517;-43,197074099999988;10411;CONCORRENTES;0
PACHECO;-22,804474799999998;-43,204366299999997;10412;CONCORRENTES;0
PACHECO;-22,864470900000001;-43,548899900000002;10413;CONCORRENTES;0
PACHECO;-22,927450199999999;-43,574810399999997;10414;CONCORRENTES;0
PACHECO;-22,923843999999999;-43,567277999999988;10415;CONCORRENTES;0
PACHECO;-22,870455;-43,341083099999999;10416;CONCORRENTES;0
PACHECO;-22,873004699999999;-43,339046499999988;10417;CONCORRENTES;0
PACHECO;-22,921131899999995;-43,374472799999999;10418;CONCORRENTES;0
PACHECO;-22,936677;-43,371433400000001;10419;CONCORRENTES;0
PACHECO;-22,9807925;-43,491747400000001;10420;CONCORRENTES;0
PACHECO;-22,9236173;-43,373562900000003;10421;CONCORRENTES;0
PACHECO;-22,9274275;-43,373899799999997;10422;CONCORRENTES;0
PACHECO;-22,9633577;-43,404826499999999;10423;CONCORRENTES;0
PACHECO;-22,967011100000001;-43,413007800000003;10424;CONCORRENTES;0
PACHECO;-22,936381000000001;-43,333747999999993;10425;CONCORRENTES;0
PACHECO;-22,9398345;-43,3429401;10426;CONCORRENTES;0
PACHECO;-22,928880700000001;-43,354242300000003;10427;CONCORRENTES;0
PACHECO;-22,926303000000001;-43,346072000000014;10428;CONCORRENTES;0
PACHECO;-22,9279276;-43,339897099999988;10429;CONCORRENTES;0
PACHECO;-23,010313199999999;-43,3044309;10430;CONCORRENTES;0
PACHECO;-22,93175965;-43,17863838550403;10431;CONCORRENTES;0
PACHECO;-22,944917100000001;-43,182552100000002;10432;CONCORRENTES;0
PACHECO;-22,947884999999999;-43,182850899999998;10433;CONCORRENTES;0
PACHECO;-22,922659400000001;-43,373697800000002;10434;CONCORRENTES;0
PACHECO;-22,8665725;-43,254974799999992;10435;CONCORRENTES;0
PACHECO;-22,865924700000004;-43,254436400000003;10436;CONCORRENTES;0
PACHECO;-23,010445899999997;-43,297309200000001;10437;CONCORRENTES;0
PACHECO;-22,8544053;-43,351453300000003;10438;CONCORRENTES;0
PACHECO;-22,9355805;-43,66674600000001;10439;CONCORRENTES;0
PACHECO;-22,897810000000003;-43,351453300000003;10440;CONCORRENTES;0
PACHECO;-22,911143800000001;-43,164875500000001;10441;CONCORRENTES;0
PACHECO;-22,812404999999998;-43,198599299999991;10442;CONCORRENTES;0
PACHECO;-22,9071724;-43,176863900000001;10443;CONCORRENTES;0
PACHECO;-22,901596999999999;-43,223613499999999;10444;CONCORRENTES;0
PACHECO;-22,807858499999998;-43,3406588;10445;CONCORRENTES;0
PACHECO;-22,8795492;-43,333168200000003;10446;CONCORRENTES;0
PACHECO;-22,842952;-43,262128999999987;10447;CONCORRENTES;0
PACHECO;-22,9241037;-43,209122499999999;10448;CONCORRENTES;0
PACHECO;-22,954463000000001;-43,181587999999998;10449;CONCORRENTES;0
PACHECO;-22,858419699999999;-43,370432200000003;10450;CONCORRENTES;0
PACHECO;-22,8989847;-43,558940200000002;10451;CONCORRENTES;0
PACHECO;-22,923583300000001;-43,256690200000001;10452;CONCORRENTES;0
PACHECO;-22,922890500000001;-43,249845299999997;10453;CONCORRENTES;0
PACHECO;-22,8881418;-43,2755334;10454;CONCORRENTES;0
PACHECO;-22,901759800000001;-43,5600375;10455;CONCORRENTES;0
PACHECO;-22,787507699999999;-43,311091599999997;10456;CONCORRENTES;0
PACHECO;-22,806445199999999;-43,181691699999988;10457;CONCORRENTES;0
PACHECO;-22,863968400000001;-43,254562499999999;10458;CONCORRENTES;0
PACHECO;-22,902245400000002;-43,276343500000003;10459;CONCORRENTES;0
PACHECO;-22,924437099999999;-43,226472200000003;10460;CONCORRENTES;0
PACHECO;-22,923613700000001;-43,232332599999999;10461;CONCORRENTES;0
PACHECO;-22,922889000000001;-43,22261799999999;10462;CONCORRENTES;0
PACHECO;-22,9248592;-43,234053699999997;10463;CONCORRENTES;0
PACHECO;-22,925557600000001;-43,234976499999988;10464;CONCORRENTES;0
PACHECO;-22,932238000000002;-43,240041300000001;10465;CONCORRENTES;0
PACHECO;-22,905083000000001;-43,559501999999988;10466;CONCORRENTES;0
PACHECO;-22,902832900000003;-43,5592866;10467;CONCORRENTES;0
PACHECO;-22,903853000000002;-43,559179999999998;10468;CONCORRENTES;0
PACHECO;-22,874890499999999;-43,464743499999997;10469;CONCORRENTES;0
PACHECO;-22,896956500000002;-43,351170499999988;10470;CONCORRENTES;0
PACHECO;-22,896614600000003;-43,351905799999997;10471;CONCORRENTES;0
PACHECO;-22,920449399999999;-43,177071599999998;10472;CONCORRENTES;0
PACHECO;-22,934498000000001;-43,1875152;10473;CONCORRENTES;0
PACHECO;-22,902377699999999;-43,278269299999998;10474;CONCORRENTES;0
PACHECO;-22,902659;-43,281140299999997;10475;CONCORRENTES;0
PACHECO;-22,902421700000001;-43,281781000000002;10476;CONCORRENTES;0
PACHECO;-22,904128099999998;-43,286878100000003;10477;CONCORRENTES;0
PACHECO;-22,905528;-43,292880699999991;10478;CONCORRENTES;0
PACHECO;-22,924166599999996;-43,176966399999998;10479;CONCORRENTES;0
PACHECO;-22,931158199999999;-43,178066200000011;10480;CONCORRENTES;0
PACHECO;-22,957267999999999;-43,199267399999997;10481;CONCORRENTES;0
PACHECO;-22,914625900000001;-43,2129628;10482;CONCORRENTES;0
PACHECO;-22,4630793;-44,449466200000003;10483;CONCORRENTES;0
PACHECO;-22,878228199999999;-43,325462700000003;10484;CONCORRENTES;0
PACHECO;-22,876558500000002;-43,3399328;10485;CONCORRENTES;0
PACHECO;-22,903772400000001;-43,181656500000003;10486;CONCORRENTES;0
PACHECO;-22,853492599999999;-43,350203600000007;10487;CONCORRENTES;0
PACHECO;-22,9279431;-43,677352200000001;10488;CONCORRENTES;0
PACHECO;-22,916546799999999;-43,679389400000005;10489;CONCORRENTES;0
PACHECO;-22,916256700000002;-43,683564799999999;10490;CONCORRENTES;0
PACHECO;-22,878688799999999;-43,466586900000003;10491;CONCORRENTES;0
PACHECO;-22,8799399;-43,464250200000002;10492;CONCORRENTES;0
PACHECO;-22,879232999999999;-43,451543899999997;10493;CONCORRENTES;0
PACHECO;-22,809209999999997;-43,3216568;10494;CONCORRENTES;0
PACHECO;-22,924347999999998;-43,233956999999997;10495;CONCORRENTES;0
PACHECO;-23,0031854;-43,326601199999999;10496;CONCORRENTES;0
PACHECO;-22,963038000000001;-43,171367300000007;10497;CONCORRENTES;0
PACHECO;-22,962119099999999;-43,168078399999999;10498;CONCORRENTES;0
PACHECO;-22,922097099999998;-43,221028699999998;10499;CONCORRENTES;0
PACHECO;-22,943047;-43,331605000000003;10500;CONCORRENTES;0
PACHECO;-22,965005300000001;-43,2185524;10501;CONCORRENTES;0
PACHECO;-22,984243800000002;-43,1907195;10502;CONCORRENTES;0
PACHECO;-22,926444700000001;-43,359672499999988;10503;CONCORRENTES;0
PACHECO;-22,884893000000002;-43,366250600000001;10504;CONCORRENTES;0
PACHECO;-22,922753100000001;-43,232641399999999;10505;CONCORRENTES;0
PACHECO;-22,8788412;-43,4287657;10506;CONCORRENTES;0
PACHECO;-22,879853600000001;-43,337622499999988;10507;CONCORRENTES;0
PACHECO;-22,9153223;-43,221274399999999;10508;CONCORRENTES;0
PACHECO;-22,938016200000003;-43,177989199999992;10509;CONCORRENTES;0
PACHECO;-22,976298499999999;-43,228588299999991;10510;CONCORRENTES;0
PACHECO;-22,920697799999999;-43,244779899999997;10511;CONCORRENTES;0
PACHECO;-22,893832;-43,218406999999999;10512;CONCORRENTES;0
PACHECO;-22,840010299999999;-43,2780214;10513;CONCORRENTES;0
PACHECO;-22,806096100000001;-43,210385699999996;10514;CONCORRENTES;0
PACHECO;-22,9151241;-43,1877122;10515;CONCORRENTES;0
PACHECO;-22,910827000000001;-43,174074999999988;10516;CONCORRENTES;0
PACHECO;-22,805229300000001;-43,366472199999997;10517;CONCORRENTES;0
PACHECO;-22,910350600000001;-43,1774038;10518;CONCORRENTES;0
PACHECO;-22,912053700000001;-43,1766103;10519;CONCORRENTES;0
PACHECO;-22,936945600000001;-43,175780899999999;10520;CONCORRENTES;0
PACHECO;-22,904578099999998;-43,176793300000007;10521;CONCORRENTES;0
PACHECO;-22,9000713;-43,281203599999998;10522;CONCORRENTES;0
PACHECO;-22,885382;-42,029782999999988;10523;CONCORRENTES;0
PACHECO;-22,9495082;-43,1850077;10524;CONCORRENTES;0
PACHECO;-22,905085499999998;-43,175366400000001;10525;CONCORRENTES;0
PACHECO;-22,9000217;-43,223948999999998;10526;CONCORRENTES;0
PACHECO;-22,941523700000001;-43,340704100000004;10527;CONCORRENTES;0
PACHECO;-22,839848799999999;-43,3039402;10528;CONCORRENTES;0
PACHECO;-22,854856300000005;-43,260745100000001;10529;CONCORRENTES;0
PACHECO;-22,9274168;-43,244159499999988;10530;CONCORRENTES;0
PACHECO;-22,9053678;-43,179493099999988;10531;CONCORRENTES;0
PACHECO;-22,9847529;-43,200235800000002;10532;CONCORRENTES;0
PACHECO;-22,9843604;-43,202761199999998;10533;CONCORRENTES;0
PACHECO;-22,984262999999999;-43,208834299999999;10534;CONCORRENTES;0
PACHECO;-22,983785600000001;-43,210347200000001;10535;CONCORRENTES;0
PACHECO;-22,983498600000001;-43,212603199999997;10536;CONCORRENTES;0
PACHECO;-22,9843312;-43,197567799999987;10537;CONCORRENTES;0
PACHECO;-22,9031986;-43,558469300000013;10538;CONCORRENTES;0
PACHECO;-22,952621799999999;-43,187732500000003;10539;CONCORRENTES;0
PACHECO;-22,953648400000002;-43,1906818;10540;CONCORRENTES;0
PACHECO;-22,954005899999999;-43,191078099999999;10541;CONCORRENTES;0
PACHECO;-22,954901199999998;-43,193370299999998;10542;CONCORRENTES;0
PACHECO;-22,992045000000001;-43,251648600000003;10543;CONCORRENTES;0
PACHECO;-21,481794099999998;-41,104716099999997;10544;CONCORRENTES;0
PACHECO;-22,806750099999999;-42,979334600000001;10545;CONCORRENTES;0
PACHECO;-22,825608599999999;-43,010756399999998;10546;CONCORRENTES;0
PACHECO;-22,827689400000001;-43,019867800000007;10547;CONCORRENTES;0
PACHECO;-22,822030000000002;-42,999749999999999;10548;CONCORRENTES;0
PACHECO;-22,8221962;-43,0497546;10549;CONCORRENTES;0
PACHECO;-22,819621699999999;-43,002807300000001;10550;CONCORRENTES;0
PACHECO;-22,8302616;-43,092536799999998;10551;CONCORRENTES;0
PACHECO;-22,824762100000001;-43,0494275;10552;CONCORRENTES;0
PACHECO;-22,824148300000001;-43,047910199999997;10553;CONCORRENTES;0
PACHECO;-22,823273;-43,047018000000001;10554;CONCORRENTES;0
PACHECO;-22,8232827;-43,046711799999997;10555;CONCORRENTES;0
PACHECO;-22,815768699999996;-43,024679599999992;10556;CONCORRENTES;0
PACHECO;-22,833410799999999;-43,078700300000001;10557;CONCORRENTES;0
PACHECO;-22,810010399999999;-43,014938300000004;10558;CONCORRENTES;0
PACHECO;-22,819787999999999;-43,002642700000003;10559;CONCORRENTES;0
PACHECO;-22,778363299999999;-43,3685489;10560;CONCORRENTES;0
PACHECO;-22,7720263;-43,361095900000002;10561;CONCORRENTES;0
PACHECO;-22,803974799999999;-43,373412000000002;10562;CONCORRENTES;0
PACHECO;-22,802549600000003;-43,371132299999999;10563;CONCORRENTES;0
PACHECO;-22,795917599999999;-43,351038499999994;10564;CONCORRENTES;0
PACHECO;-22,8029279;-43,371216699999998;10565;CONCORRENTES;0
PACHECO;-22,8375083;-42,102541000000002;10566;CONCORRENTES;0
PACHECO;-22,895554400000002;-42,470564600000003;10567;CONCORRENTES;0
PACHECO;-22,892569099999999;-42,4678404;10568;CONCORRENTES;0
PACHECO;-22,7442706;-43,702931199999988;10569;CONCORRENTES;0
PACHECO;-22,412189099999999;-42,966742600000003;10570;CONCORRENTES;0
PACHECO;-22,418978200000002;-42,974413200000001;10571;CONCORRENTES;0
PACHECO;-22,4106731;-42,967679799999999;10572;CONCORRENTES;0
PACHECO;-22,1153756;-43,210536900000001;10573;CONCORRENTES;0
PACHECO;-22,114727500000001;-43,207568600000002;10574;CONCORRENTES;0
PACHECO;-22,2443548;-43,701894699999997;10575;CONCORRENTES;0
PACHECO;-22,509988499999999;-44,094160299999999;10576;CONCORRENTES;0
PACHECO;-22,505053100000001;-44,092249099999997;10577;CONCORRENTES;0
PACHECO;-22,497635500000001;-44,105678699999999;10578;CONCORRENTES;0
PACHECO;-22,5235156;-44,115155100000003;10579;CONCORRENTES;0
PACHECO;-22,5215538;-44,102770900000003;10580;CONCORRENTES;0
TAMOIO;-23,008392000000001;-44,3181479;10581;CONCORRENTES;0
TAMOIO;-22,873084800000001;-42,337237100000003;10582;CONCORRENTES;0
TAMOIO;-22,865880300000001;-42,331691900000003;10583;CONCORRENTES;0
TAMOIO;-22,781237399999998;-41,9494075;10584;CONCORRENTES;0
TAMOIO;-22,9676878;-42,022840199999997;10585;CONCORRENTES;0
TAMOIO;-22,469631400000001;-43,826106199999998;10586;CONCORRENTES;0
TAMOIO;-22,880044300000002;-42,019141099999999;10587;CONCORRENTES;0
TAMOIO;-22,882111200000001;-42,027702099999999;10588;CONCORRENTES;0
TAMOIO;-22,891224099999999;-42,042051699999988;10589;CONCORRENTES;0
TAMOIO;-22,8435709;-42,027536900000001;10590;CONCORRENTES;0
TAMOIO;-22,5592215;-42,689018599999997;10591;CONCORRENTES;0
TAMOIO;-21,827686799999999;-41,286115199999998;10592;CONCORRENTES;0
TAMOIO;-21,7837131;-41,333387599999988;10593;CONCORRENTES;0
TAMOIO;-21,760259000000001;-41,333174999999997;10594;CONCORRENTES;0
TAMOIO;-21,759293;-41,335219599999988;10595;CONCORRENTES;0
TAMOIO;-21,838043800000001;-41,260102799999999;10596;CONCORRENTES;0
TAMOIO;-21,756106899999999;-41,321275399999998;10597;CONCORRENTES;0
TAMOIO;-21,7583445;-41,3406193;10598;CONCORRENTES;0
TAMOIO;-21,763905099999999;-41,331746799999998;10599;CONCORRENTES;0
TAMOIO;-21,757560399999999;-41,325132000000004;10600;CONCORRENTES;0
TAMOIO;-21,763974000000001;-41,324655;10601;CONCORRENTES;0
TAMOIO;-22,771837399999999;-42,923087099999996;10602;CONCORRENTES;0
TAMOIO;-22,755625999999999;-42,864629000000001;10603;CONCORRENTES;0
TAMOIO;-22,750335799999998;-42,860405299999996;10604;CONCORRENTES;0
TAMOIO;-22,750335799999998;-42,860405299999996;10605;CONCORRENTES;0
TAMOIO;-21,206895599999999;-41,888339500000001;10606;CONCORRENTES;0
TAMOIO;-21,205410000000001;-41,889579300000001;10607;CONCORRENTES;0
TAMOIO;-21,203938099999998;-41,891080299999999;10608;CONCORRENTES;0
TAMOIO;-22,3736301;-41,777763299999997;10609;CONCORRENTES;0
TAMOIO;-22,591400400000001;-43,186469500000001;10610;CONCORRENTES;0
TAMOIO;-22,660991899999999;-43,035280899999997;10611;CONCORRENTES;0
TAMOIO;-22,608963299999999;-43,178443199999997;10612;CONCORRENTES;0
TAMOIO;-22,6561038;-43,0391276;10613;CONCORRENTES;0
TAMOIO;-22,911549099999998;-42,815176400000013;10614;CONCORRENTES;0
TAMOIO;-22,921393500000001;-42,817417599999999;10615;CONCORRENTES;0
TAMOIO;-22,916128100000002;-42,815770499999999;10616;CONCORRENTES;0
TAMOIO;-22,881474499999999;-43,086260000000003;10617;CONCORRENTES;0
TAMOIO;-22,943422999999999;-43,029702;10618;CONCORRENTES;0
TAMOIO;-22,944368600000001;-43,030742199999999;10619;CONCORRENTES;0
TAMOIO;-22,893431;-43,122256200000002;10620;CONCORRENTES;0
TAMOIO;-22,893298399999999;-43,123155199999999;10621;CONCORRENTES;0
TAMOIO;-22,917797199999999;-43,094821899999999;10622;CONCORRENTES;0
TAMOIO;-22,920464200000001;-43,090776400000003;10623;CONCORRENTES;0
TAMOIO;-22,920300900000001;-43,090122600000001;10624;CONCORRENTES;0
TAMOIO;-22,920254700000001;-43,0916462;10625;CONCORRENTES;0
TAMOIO;-22,895452299999999;-43,123816099999999;10626;CONCORRENTES;0
TAMOIO;-22,9549436;-43,060308599999999;10627;CONCORRENTES;0
TAMOIO;-22,906840800000001;-43,0559516;10628;CONCORRENTES;0
TAMOIO;-22,9468672;-43,031396800000003;10629;CONCORRENTES;0
TAMOIO;-22,9399725;-43,0472769;10630;CONCORRENTES;0
TAMOIO;-22,953388199999999;-43,078121699999997;10631;CONCORRENTES;0
TAMOIO;-22,903569699999998;-43,119223300000002;10632;CONCORRENTES;0
TAMOIO;-22,908110199999999;-43,109556499999997;10633;CONCORRENTES;0
TAMOIO;-22,823641599999998;-43,378697799999998;10634;CONCORRENTES;0
TAMOIO;-22,903699199999998;-43,122263099999998;10635;CONCORRENTES;0
TAMOIO;-22,901259;-43,109253799999998;10636;CONCORRENTES;0
TAMOIO;-22,898283899999999;-43,103187800000001;10637;CONCORRENTES;0
TAMOIO;-22,9036121;-43,114222900000001;10638;CONCORRENTES;0
TAMOIO;-22,2849371;-42,531696699999998;10639;CONCORRENTES;0
TAMOIO;-22,279478900000001;-42,5325153;10640;CONCORRENTES;0
TAMOIO;-22,3049085;-42,538988400000001;10641;CONCORRENTES;0
TAMOIO;-22,5093292;-43,173545099999998;10642;CONCORRENTES;0
TAMOIO;-22,509263499999999;-43,174302099999998;10643;CONCORRENTES;0
TAMOIO;-22,507321900000001;-43,1700327;10644;CONCORRENTES;0
TAMOIO;-22,709896400000002;-42,624171699999998;10645;CONCORRENTES;0
TAMOIO;-22,709375999999999;-42,627741;10646;CONCORRENTES;0
TAMOIO;-22,859355600000001;-43,549258199999997;10647;CONCORRENTES;0
TAMOIO;-22,9038082;-43,174867900000002;10648;CONCORRENTES;0
TAMOIO;-22,8096067;-43,015921800000001;10649;CONCORRENTES;0
TAMOIO;-22,8350644;-43,054121100000003;10650;CONCORRENTES;0
TAMOIO;-22,816696499999999;-43,030040999999997;10651;CONCORRENTES;0
TAMOIO;-22,8334206;-43,079556199999999;10652;CONCORRENTES;0
TAMOIO;-22,828376299999999;-43,055583300000002;10653;CONCORRENTES;0
TAMOIO;-22,827514000000001;-43,053353999999999;10654;CONCORRENTES;0
TAMOIO;-22,827400300000001;-43,011341100000003;10655;CONCORRENTES;0
TAMOIO;-22,81852495;-43,006536449999999;10656;CONCORRENTES;0
TAMOIO;-22,819793099999998;-43,002236099999998;10657;CONCORRENTES;0
TAMOIO;-22,823337299999999;-43,047552499999988;10658;CONCORRENTES;0
TAMOIO;-22,838197900000001;-43,065980000000003;10659;CONCORRENTES;0
TAMOIO;-22,815257599999999;-43,023455899999988;10660;CONCORRENTES;0
TAMOIO;-22,8234894;-43,045577199999997;10661;CONCORRENTES;0
TAMOIO;-22,797283499999999;-42,979551999999998;10662;CONCORRENTES;0
TAMOIO;-22,832719999999998;-43,041697999999997;10663;CONCORRENTES;0
TAMOIO;-22,8194333;-43,000937999999998;10664;CONCORRENTES;0
TAMOIO;-22,820138;-43,002357000000003;10665;CONCORRENTES;0
TAMOIO;-22,837395900000001;-42,102328999999997;10666;CONCORRENTES;0
TAMOIO;-22,8371019;-42,102255;10667;CONCORRENTES;0
TAMOIO;-22,892567400000001;-42,468276400000001;10668;CONCORRENTES;0
TAMOIO;-22,4124132;-42,9670275;10669;CONCORRENTES;0
TAMOIO;-22,243898300000001;-43,702130799999999;10670;CONCORRENTES;0
DROGASMIL;-22,7145975;-43,326976199999997;10671;CONCORRENTES;0
DROGASMIL;-22,786885699999999;-43,311716300000001;10672;CONCORRENTES;0
DROGASMIL;-22,789866799999999;-43,3070053;10673;CONCORRENTES;0
DROGASMIL;-22,786689800000001;-43,286443800000001;10674;CONCORRENTES;0
DROGASMIL;-22,786827599999999;-43,310651300000004;10675;CONCORRENTES;0
DROGASMIL;-22,8087442;-43,4166983;10676;CONCORRENTES;0
DROGASMIL;-22,761706;-43,4652843;10677;CONCORRENTES;0
DROGASMIL;-22,7894592;-43,549861100000001;10678;CONCORRENTES;0
DROGASMIL;-22,785857799999999;-43,543401099999997;10679;CONCORRENTES;0
DROGASMIL;-22,759923100000002;-43,455506900000003;10680;CONCORRENTES;0
DROGASMIL;-22,760131900000001;-43,450474;10681;CONCORRENTES;0
DROGASMIL;-22,706319499999999;-43,571863700000002;10682;CONCORRENTES;0
DROGASMIL;-22,8019189;-43,201682099999999;10683;CONCORRENTES;0
DROGASMIL;-22,9906355;-43,431104300000001;10684;CONCORRENTES;0
DROGASMIL;-23,020380899999999;-43,453600600000001;10685;CONCORRENTES;0
DROGASMIL;-22,909925399999999;-43,172390399999998;10686;CONCORRENTES;0
DROGASMIL;-22,984366000000001;-43,223874000000002;10687;CONCORRENTES;0
DROGASMIL;-23,002883499999999;-43,363894700000003;10688;CONCORRENTES;0
DROGASMIL;-22,859355600000001;-43,549258199999997;10689;CONCORRENTES;0
DROGASMIL;-22,909473800000001;-43,580762700000001;10690;CONCORRENTES;0
DROGASMIL;-23,011995599999999;-43,461621000000001;10691;CONCORRENTES;0
DROGASMIL;-23,0010063;-43,341686500000002;10692;CONCORRENTES;0
DROGASMIL;-23,001214999999998;-43,338297300000001;10693;CONCORRENTES;0
DROGASMIL;-22,999923200000001;-43,3396081;10694;CONCORRENTES;0
DROGASMIL;-23,001429000000002;-43,386016300000001;10695;CONCORRENTES;0
DROGASMIL;-23,0162069;-43,4723677;10696;CONCORRENTES;0
DROGASMIL;-22,886214899999999;-43,283328300000001;10697;CONCORRENTES;0
DROGASMIL;-22,885282400000001;-43,282395399999999;10698;CONCORRENTES;0
DROGASMIL;-23,009800800000001;-43,350407500000003;10699;CONCORRENTES;0
DROGASMIL;-22,846871100000001;-43,3244015;10700;CONCORRENTES;0
DROGASMIL;-22,921870599999998;-43,370755000000003;10701;CONCORRENTES;0
DROGASMIL;-22,984567699999999;-43,190643899999998;10702;CONCORRENTES;0
DROGASMIL;-22,966282499999998;-43,180378599999997;10703;CONCORRENTES;0
DROGASMIL;-22,971087099999998;-43,187142100000003;10704;CONCORRENTES;0
DROGASMIL;-22,973304299999999;-43,188658599999997;10705;CONCORRENTES;0
DROGASMIL;-22,966282499999998;-43,180378599999997;10706;CONCORRENTES;0
DROGASMIL;-22,976505199999998;-43,190569400000001;10707;CONCORRENTES;0
DROGASMIL;-22,8317546;-43,344245399999998;10708;CONCORRENTES;0
DROGASMIL;-22,877752600000001;-43,271592949999999;10709;CONCORRENTES;0
DROGASMIL;-22,911204900000001;-43,175102000000003;10710;CONCORRENTES;0
DROGASMIL;-22,850203499999999;-43,310491200000001;10711;CONCORRENTES;0
DROGASMIL;-22,886099999999999;-43,557765799999999;10712;CONCORRENTES;0
DROGASMIL;-23,0249536;-43,501063600000002;10713;CONCORRENTES;0
DROGASMIL;-22,927603900000001;-43,359335999999999;10714;CONCORRENTES;0
DROGASMIL;-22,923045500000001;-43,375072699999997;10715;CONCORRENTES;0
DROGASMIL;-22,864470900000001;-43,548899900000002;10716;CONCORRENTES;0
DROGASMIL;-22,947461000000001;-43,183467200000003;10717;CONCORRENTES;0
DROGASMIL;-22,9242718;-43,231792300000002;10718;CONCORRENTES;0
DROGASMIL;-22,9240171;-43,209046899999997;10719;CONCORRENTES;0
DROGASMIL;-22,9193268;-43,250186100000001;10720;CONCORRENTES;0
DROGASMIL;-22,9242946;-43,227012299999998;10721;CONCORRENTES;0
DROGASMIL;-22,932090200000001;-43,240116100000002;10722;CONCORRENTES;0
DROGASMIL;-22,932493300000001;-43,2403543;10723;CONCORRENTES;0
DROGASMIL;-22,9048199;-43,559831000000003;10724;CONCORRENTES;0
DROGASMIL;-22,950803400000002;-43,187241100000001;10725;CONCORRENTES;0
DROGASMIL;-22,9020148;-43,282875900000001;10726;CONCORRENTES;0
DROGASMIL;-22,925285500000001;-43,176769299999997;10727;CONCORRENTES;0
DROGASMIL;-22,9270219;-43,176622299999998;10728;CONCORRENTES;0
DROGASMIL;-22,841407499999999;-43,278203599999998;10729;CONCORRENTES;0
DROGASMIL;-22,8902404;-43,270666300000002;10730;CONCORRENTES;0
DROGASMIL;-22,878688799999999;-43,466586900000003;10731;CONCORRENTES;0
DROGASMIL;-22,9207535;-43,218635900000002;10732;CONCORRENTES;0
DROGASMIL;-22,915713799999999;-43,221736900000003;10733;CONCORRENTES;0
DROGASMIL;-22,9389976;-43,178339000000001;10734;CONCORRENTES;0
DROGASMIL;-22,9497553;-43,184992800000003;10735;CONCORRENTES;0
DROGASMIL;-23,007450800000001;-43,4527845;10736;CONCORRENTES;0
DROGASMIL;-22,905113400000001;-43,175454100000003;10737;CONCORRENTES;0
DROGASMIL;-22,984431099999998;-43,203583899999998;10738;CONCORRENTES;0
DROGASMIL;-22,983785600000001;-43,210347200000001;10739;CONCORRENTES;0
DROGASMIL;-22,984580900000001;-43,197269800000001;10740;CONCORRENTES;0
DROGASMIL;-22,953336400000001;-43,189324499999998;10741;CONCORRENTES;0
DROGASMIL;-22,954166699999998;-43,192762100000003;10742;CONCORRENTES;0
DROGASMIL;-22,801358199999999;-43,371690299999997;10743;CONCORRENTES;0
DROGASMIL;-22,9168;-43,2499;10744;CONCORRENTES;0
DROGASMIL;-23,0179;-43,4649;10745;CONCORRENTES;0
DROGASMIL;-22,9019;-43,5568;10746;CONCORRENTES;0
PAGUE MENOS;-22,813736599999999;-42,390510499999998;10747;CONCORRENTES;0
PAGUE MENOS;-22,879622000000001;-42,01829;10748;CONCORRENTES;0
PAGUE MENOS;-21,758148800000001;-41,336278;10749;CONCORRENTES;0
PAGUE MENOS;-21,757047;-41,305197;10750;CONCORRENTES;0
PAGUE MENOS;-21,759889999999999;-41,326234999999997;10751;CONCORRENTES;0
PAGUE MENOS;-21,764243000000004;-41,313710999999998;10752;CONCORRENTES;0
PAGUE MENOS;-22,763376900000001;-42,901899200000003;10753;CONCORRENTES;0
PAGUE MENOS;-21,2017405;-41,888575000000003;10754;CONCORRENTES;0
PAGUE MENOS;-22,361843000000004;-41,818649000000001;10755;CONCORRENTES;0
PAGUE MENOS;-22,811442;-43,415872999999998;10756;CONCORRENTES;0
PAGUE MENOS;-22,919277999999998;-43,048743999999999;10757;CONCORRENTES;0
PAGUE MENOS;-22,902218999999999;-43,111657000000001;10758;CONCORRENTES;0
PAGUE MENOS;-22,759454999999999;-43,452311999999999;10759;CONCORRENTES;0
PAGUE MENOS;-22,510777000000001;-43,186622;10760;CONCORRENTES;0
PAGUE MENOS;-22,507646999999999;-43,170743999999999;10761;CONCORRENTES;0
PAGUE MENOS;-22,507392800000002;-41,927081999999999;10762;CONCORRENTES;0
PAGUE MENOS;-22,504588999999999;-41,925096000000003;10763;CONCORRENTES;0
PAGUE MENOS;-23,0127762787879;-43,458769742424202;10764;CONCORRENTES;0
PAGUE MENOS;-23,016315199999998;-43,474845700000003;10765;CONCORRENTES;0
PAGUE MENOS;-22,935023999999999;-43,518245999999998;10766;CONCORRENTES;0
PAGUE MENOS;-22,874015499999999;-43,3368842;10767;CONCORRENTES;0
PAGUE MENOS;-22,965693000000002;-43,177781899999999;10768;CONCORRENTES;0
PAGUE MENOS;-22,968333000000001;-43,183036999999992;10769;CONCORRENTES;0
PAGUE MENOS;-22,964062999999999;-43,174950000000003;10770;CONCORRENTES;0
PAGUE MENOS;-22,805669000000002;-43,200895000000003;10771;CONCORRENTES;0
PAGUE MENOS;-23,011895999999997;-43,513905999999999;10772;CONCORRENTES;0
PAGUE MENOS;-22,90316;-43,179817;10773;CONCORRENTES;0
PAGUE MENOS;-22,929076999999996;-43,240406;10774;CONCORRENTES;0
PAGUE MENOS;-22,906202;-43,284261000000001;10775;CONCORRENTES;0
PAGUE MENOS;-22,902117000000001;-43,278467999999997;10776;CONCORRENTES;0
PAGUE MENOS;-22,90513;-43,289217999999998;10777;CONCORRENTES;0
PAGUE MENOS;-22,932808999999999;-43,334229000000001;10778;CONCORRENTES;0
PAGUE MENOS;-22,840872000000001;-43,279305000000001;10779;CONCORRENTES;0
PAGUE MENOS;-22,805761;-43,21114;10780;CONCORRENTES;0
PAGUE MENOS;-22,952621799999999;-43,187732500000003;10781;CONCORRENTES;0
PAGUE MENOS;-22,820596500000001;-43,046354899999997;10782;CONCORRENTES;0
PAGUE MENOS;-22,499727;-44,109057999999997;10783;CONCORRENTES;0
PACHECO;-23,013494600000001;-43,478924200000002;10784;CONCORRENTES;0
VENANCIO;-22,9243303;-43,2318199;1;VENANCIO;1
VENANCIO;-22,9252379;-43,2337534;2;VENANCIO;1
VENANCIO;-22,904017;-43,1817515;3;VENANCIO;1
VENANCIO;-22,9250522;-43,2321566;4;VENANCIO;1
VENANCIO;-23,0130808;-43,3050595;5;VENANCIO;1
VENANCIO;-22,9235277;-43,2285539;6;VENANCIO;1
VENANCIO;-22,9238377;-43,232671;7;VENANCIO;1
VENANCIO;-22,9027878;-43,1775019;8;VENANCIO;1
VENANCIO;-22,9241223;-43,2339415;9;VENANCIO;1
VENANCIO;-22,9164865;-43,2379999;10;VENANCIO;1
VENANCIO;-22,9765571;-43,190444;11;VENANCIO;1
VENANCIO;-22,9814992;-43,2240848;12;VENANCIO;1
VENANCIO;-22,9228633;-43,2230134;13;VENANCIO;1
VENANCIO;-22,925932;-43,3740905;14;VENANCIO;1
VENANCIO;-22,9041449;-43,2857509;16;VENANCIO;1
VENANCIO;-22,9842209;-43,2031063;17;VENANCIO;1
VENANCIO;-23,0123983;-43,4610942;18;VENANCIO;1
VENANCIO;-22,9151905;-43,2432315;19;VENANCIO;1
VENANCIO;-23,0045937;-43,31841;20;VENANCIO;1
VENANCIO;-22,9842401;-43,2094386;21;VENANCIO;1
VENANCIO;-23,0126314;-43,3120918;22;VENANCIO;1
VENANCIO;-22,9074567;-43,1761969;23;VENANCIO;1
VENANCIO;-22,92341;-43,2294955;24;VENANCIO;1
VENANCIO;-23,0013038;-43,3494768;25;VENANCIO;1
VENANCIO;-22,9411787;-43,3425539;26;VENANCIO;1
VENANCIO;-22,9318181;-43,2392504;27;VENANCIO;1
VENANCIO;-22,9517557;-43,1861356;28;VENANCIO;1
VENANCIO;-22,9295548;-43,1773081;29;VENANCIO;1
VENANCIO;-22,9215031;-43,3728098;30;VENANCIO;1
VENANCIO;-22,9384688;-43,340442;31;VENANCIO;1
VENANCIO;-22,9119151;-43,202639;32;VENANCIO;1
VENANCIO;-22,9232358;-43,2577841;34;VENANCIO;1
VENANCIO;-22,9852623;-43,2254138;35;VENANCIO;0
VENANCIO;-22,8737384;-43,3374813;36;VENANCIO;1
VENANCIO;-22,9020453;-43,2807992;37;VENANCIO;1
VENANCIO;-22,9733002;-43,1882796;38;VENANCIO;0
VENANCIO;-22,894509;-43,1235131;39;VENANCIO;1
VENANCIO;-22,8749407;-43,336265;40;VENANCIO;0
VENANCIO;-22,8994009;-43,1110499;41;VENANCIO;0
VENANCIO;-22,8647476;-43,2548977;42;VENANCIO;0
VENANCIO;-22,9535727;-43,1902572;43;VENANCIO;0
VENANCIO;-22,9075807;-43,1103111;44;VENANCIO;0
VENANCIO;-22,8940144;-43,1213729;45;VENANCIO;0
VENANCIO;-22,8660561;-43,2552512;46;VENANCIO;0
VENANCIO;-22,9743413;-43,189506;47;VENANCIO;0
VENANCIO;-22,9696754;-43,1863239;48;VENANCIO;0
VENANCIO;-22,9724745;-43,3935906;49;VENANCIO;0
VENANCIO;-22,78663;-43,31343;50;VENANCIO;0
VENANCIO;-22,9033574;-43,1788367;51;VENANCIO;0
VENANCIO;-22,9251229;-43,1767806;52;VENANCIO;0
VENANCIO;-22,758745;-43,448805;54;VENANCIO;0
VENANCIO;-22,9024978;-43,1112204;56;VENANCIO;0
VENANCIO;-22,9834857;-43,2171536;57;VENANCIO;0
VENANCIO;-22,8048678;-43,202103;58;VENANCIO;0
VENANCIO;-22,9049015;-43,1779667;59;VENANCIO;0
VENANCIO;-22,7600531;-43,4533621;60;VENANCIO;0
VENANCIO;-22,9755543;-43,2284309;61;VENANCIO;0
VENANCIO;-22,9684965;-43,183938;62;VENANCIO;0
VENANCIO;-22,965564;-43,2190731;63;VENANCIO;0
VENANCIO;-22,9040214;-43,1094717;64;VENANCIO;0
VENANCIO;-22,9676365;-43,1858746;65;VENANCIO;0
VENANCIO;-22,87342;-43,46511;66;VENANCIO;0
VENANCIO;-22,9118962;-43,1747872;67;VENANCIO;0
VENANCIO;-22,9643942;-43,1796122;68;VENANCIO;0
VENANCIO;-22,9837654;-43,2073899;69;VENANCIO;0
VENANCIO;-22,93225;-43,1778485;70;VENANCIO;0
VENANCIO;-22,98471826;-43,36686194;71;VENANCIO;0
VENANCIO;-22,9208100;-43,2355950;72;VENANCIO;0
VENANCIO;-22,3997431;-43,1340956;73;VENANCIO;0
VENANCIO;-22,9030309;-43,5606704;74;VENANCIO;0
VENANCIO;-22,9726226;-43,3687114;75;VENANCIO;0
VENANCIO;-23,0009191;-43,4149257;76;VENANCIO;0
VENANCIO;-22,9039;-43,55956;77;VENANCIO;0
VENANCIO;-22,9361596;-43,1774953;78;VENANCIO;0
VENANCIO;-22,8108014;-43,1901868;79;VENANCIO;0
VENANCIO;-22,9448610;-43,1826988;80;VENANCIO;0
VENANCIO;-22,9646849;-43,2177658;81;VENANCIO;0
VENANCIO;-23,0011919;-43,3860914;82;VENANCIO;0
VENANCIO;-22,9344035;-43,3357124;84;VENANCIO;0
VENANCIO;-23,0178515;-43,4789790;85;VENANCIO;0
VENANCIO;-22,8051332;-43,2021380;86;VENANCIO;0
VENANCIO;-22,7905667;-43,3061077;87;VENANCIO;0
VENANCIO;-22,7614595;-43,4218595;88;VENANCIO;0
VENANCIO;-23,013412;-43,460461;89;VENANCIO;0
VENANCIO;-22,7594470;-43,4558047;90;VENANCIO;0
VENANCIO;-23,0003905;-43,3510019;91;VENANCIO;0
VENANCIO;-22,9361440;-43,0621790;92;VENANCIO;0
VENANCIO;-22,9310840;-43,1782383;93;VENANCIO;0
VENANCIO;-22,5088204;-43,1729890;94;VENANCIO;0
VENANCIO;-22,92346;-43,56611;105;VENANCIO;0
VENANCIO;-22,759751;-43,4498199;515;VENANCIO;0
VENANCIO;-22,9156089;-43,2462377;555;VENANCIO;1
VENANCIO;-22,9974706;-43,3580731;98;VENANCIO;0
VENANCIO;-22,8852066;-43,298814;96;VENANCIO;0
VENANCIO;-23,00936;-43,44953;102;VENANCIO;0
VENANCIO;-22,82348;-43,04739;99;VENANCIO;0
VENANCIO;-22,98544;-43,22786;104;VENANCIO;0
VENANCIO;-22,93328;-43,17663;108;VENANCIO;0
VENANCIO;-22,88761;-43,28219;95;VENANCIO;0
VENANCIO;-22,95585;-43,33722;106;VENANCIO;0
VENANCIO;-22,75910;-43,44990;103;VENANCIO;0
VENANCIO;-22,94716;-43,03181;109;VENANCIO;0
VENANCIO;-22,92443;-43,23351;100;VENANCIO;0
VENANCIO;-22,51238;-43,17748;110;VENANCIO;0
VENANCIO;-22,94355;-43,34028;111;VENANCIO;0
VENANCIO;-23,00069;-43,37506;112;VENANCIO;0
VENANCIO;-22,98445;-43,20300;113;VENANCIO;0
VENANCIO;-22,98456;-43,20185;114;VENANCIO;0
VENANCIO;-22,983855029982667;-43,21271380879198;115;VENANCIO;0
VENANCIO;-22,92038616817718;-43,21805538949289;116;VENANCIO;0
VENANCIO;-23,010543683928873;-43,45717692883535;117;VENANCIO;0
VENANCIO;-22,92960;-43,23701;119;VENANCIO;0
VENANCIO;-22,93351;-43,18529;121;VENANCIO;0
VENANCIO;-23,00079;-44,30213;125;VENANCIO;0
VENANCIO;-22,760445416921968;-43,447252334205096;124;VENANCIO;0
VENANCIO;-22,7873980137;-43,3118020588;123;VENANCIO;0
VENANCIO;-22,77408;-41,92295;118;VENANCIO;0
VENANCIO;-22,92385;-43,23637;126;VENANCIO;0
VENANCIO;-22,9041449;-43,2990335;120;VENANCIO;0
VENANCIO;-22,91641;-43,22969;127;VENANCIO;0
VENANCIO;-22,948943;-43,1893188;131;VENANCIO;0
VENANCIO;-22,9571002;-43,1770541;132;VENANCIO;0
VENANCIO;-22,928764058;-43,2369461;136;VENANCIO;0
VENANCIO;-22,518362638;-44,1041301153;135;VENANCIO;0
VENANCIO;-22.92203103596176;-43.26440832332218;134;VENANCIO;0
