REDE,NR_LATITUDE_LOJA,NR_LONGITUDE_LOJA,ID_LOJA_LEGADO,TIPO_LOJA,FL_ANALISE_MADURAS,Qtd_Lojas_Venancio,Qtd_Lojas_Concorrentes,Qtd_Total_Lojas_Proximas
RAIA,-23.0013984,-44.304623,10001,CONCORRENTES,0,0,0,0
RAIA,-23.0064364,-44.3171801,10002,CONCORRENTES,0,0,0,0
RAIA,-22.8747952,-42.3403659,10003,CONCORRENTES,0,0,0,0
RAIA,-22.874051,-42.3383716,10004,CONCORRENTES,0,0,0,0
RAIA,-22.545095,-44.170431,10005,CONCORRENTES,0,0,0,0
RAIA,-22.5450371,-44.1732154,10006,CONCORRENTES,0,0,0,0
RAIA,-22.883216,-42.018165,10007,CONCORRENTES,0,0,0,0
RAIA,-22.9066902,-43.1773424,10008,CONCORRENTES,0,0,0,0
RAIA,-22.8835773,-42.0250328,10009,CONCORRENTES,0,0,0,0
RAIA,-22.8788612,-42.018551,10010,CONCORRENTES,0,0,0,0
RAIA,-21.7605207,-41.3094968,10011,CONCORRENTES,0,0,0,0
RAIA,-21.751348,-41.3353979,10012,CONCORRENTES,0,0,0,0
RAIA,-21.7627163,-41.3286465,10013,CONCORRENTES,0,0,0,0
RAIA,-21.747493,-41.3227547,10014,CONCORRENTES,0,0,0,0
RAIA,-21.7687771,-41.3187974,10015,CONCORRENTES,0,0,0,0
RAIA,-21.7562171,-41.3235614,10016,CONCORRENTES,0,0,0,0
RAIA,-21.763317,-41.3265048,10017,CONCORRENTES,0,0,0,0
RAIA,-21.7565375,-41.3338478,10018,CONCORRENTES,0,0,0,0
RAIA,-22.643023,-43.2817172,10019,CONCORRENTES,0,0,0,0
RAIA,-22.7926843,-43.300758,10020,CONCORRENTES,0,0,0,0
RAIA,-22.7911155,-43.305376,10021,CONCORRENTES,0,0,0,0
RAIA,-22.5247128,-42.9815265,10022,CONCORRENTES,0,0,0,0
RAIA,-22.7384432,-42.8393571,10023,CONCORRENTES,0,0,0,0
RAIA,-22.8666823,-43.7631589,10024,CONCORRENTES,0,0,0,0
RAIA,-21.2043589,-41.8915572,10025,CONCORRENTES,0,0,0,0
RAIA,-21.1990808,-41.8975292,10026,CONCORRENTES,0,0,0,0
RAIA,-22.3858939,-41.7808852,10027,CONCORRENTES,0,0,0,0
RAIA,-22.3902375,-41.7862657,10028,CONCORRENTES,0,0,0,0
RAIA,-22.3798632,-41.7764768,10029,CONCORRENTES,0,0,0,0
RAIA,-22.403483,-41.797209,10030,CONCORRENTES,0,0,0,0
RAIA,-22.6561593,-43.0379419,10031,CONCORRENTES,0,0,0,0
RAIA,-22.6102859,-43.177327,10032,CONCORRENTES,0,0,0,0
RAIA,-22.9134576,-42.8197566,10033,CONCORRENTES,0,0,0,0
RAIA,-22.9179725,-42.8178628,10034,CONCORRENTES,0,0,0,0
RAIA,-22.9649023,-42.9790323,10035,CONCORRENTES,0,0,0,0
RAIA,-22.8089641,-43.4172814,10036,CONCORRENTES,0,0,0,0
RAIA,-22.8811474,-43.0857042,10037,CONCORRENTES,0,0,0,0
RAIA,-22.9534648,-43.0920597,10038,CONCORRENTES,0,0,0,0
RAIA,-22.9413365,-43.0284798,10039,CONCORRENTES,0,0,0,0
RAIA,-22.9070597,-43.1031878,10040,CONCORRENTES,0,0,0,0
RAIA,-22.9203487,-43.0905953,10041,CONCORRENTES,0,0,0,0
RAIA,-22.906376,-43.0563242,10042,CONCORRENTES,0,0,0,0
RAIA,-22.9375724,-43.0618193,10043,CONCORRENTES,0,0,0,0
RAIA,-22.9035956,-43.1160587,10044,CONCORRENTES,0,0,0,0
RAIA,-22.903629,-43.113883,10045,CONCORRENTES,0,0,0,0
RAIA,-22.9089635,-43.1083598,10046,CONCORRENTES,0,0,0,0
RAIA,-22.8939312,-43.1225663,10047,CONCORRENTES,0,0,0,0
RAIA,-22.8987042,-43.1060549,10048,CONCORRENTES,0,0,0,0
RAIA,-22.903225,-43.1104437,10049,CONCORRENTES,0,0,0,0
RAIA,-22.9021812,-43.103292,10050,CONCORRENTES,0,0,0,0
RAIA,-22.8967925,-43.12388,10051,CONCORRENTES,0,0,0,0
RAIA,-22.9022212,-43.1253311,10052,CONCORRENTES,0,0,0,0
RAIA,-22.2839511,-42.5316139,10053,CONCORRENTES,0,0,0,0
RAIA,-22.302316,-42.5412114,10054,CONCORRENTES,0,0,0,0
RAIA,-22.2852708,-42.5328209,10055,CONCORRENTES,0,0,0,0
RAIA,-22.7453869,-43.4392682,10056,CONCORRENTES,0,0,0,0
RAIA,-22.6877055,-43.4430942,10057,CONCORRENTES,0,0,0,0
RAIA,-22.7608848,-43.4560713,10058,CONCORRENTES,0,0,0,0
RAIA,-22.7589694,-43.4777336,10059,CONCORRENTES,0,0,0,0
RAIA,-22.388103,-43.132441,10060,CONCORRENTES,0,0,0,0
RAIA,-22.5098153,-43.1765442,10061,CONCORRENTES,0,0,0,0
RAIA,-22.525402,-43.1926113,10062,CONCORRENTES,0,0,0,0
RAIA,-22.5080487,-43.1719728,10063,CONCORRENTES,0,0,0,0
RAIA,-22.4893735,-43.1536166,10064,CONCORRENTES,0,0,0,0
RAIA,-22.5053713,-43.1809971,10065,CONCORRENTES,0,0,0,0
RAIA,-22.469225,-44.454409,10066,CONCORRENTES,0,0,0,0
RAIA,-22.4631289,-44.4473865,10067,CONCORRENTES,0,0,0,0
RAIA,-22.7123109,-42.6300351,10068,CONCORRENTES,0,0,0,0
RAIA,-22.5069478,-41.9261392,10069,CONCORRENTES,0,0,0,0
RAIA,-22.5128655,-41.930596,10070,CONCORRENTES,0,0,0,0
RAIA,-22.982269,-43.2166017,10071,CONCORRENTES,0,0,0,0
RAIA,-23.0203809,-43.4536006,10072,CONCORRENTES,0,0,0,0
RAIA,-22.9852488,-43.226888,10073,CONCORRENTES,0,0,0,0
RAIA,-22.986013,-43.2279458,10074,CONCORRENTES,0,0,0,0
RAIA,-22.9840392,-43.2191573,10075,CONCORRENTES,0,0,0,0
RAIA,-22.9834857,-43.2171536,10076,CONCORRENTES,0,0,0,0
RAIA,-22.9827933,-43.362822,10077,CONCORRENTES,0,0,0,0
RAIA,-22.8291251,-43.3194107,10078,CONCORRENTES,0,0,0,0
RAIA,-22.9080577,-43.564712,10079,CONCORRENTES,0,0,0,0
RAIA,-22.9151704,-43.616904,10080,CONCORRENTES,0,0,0,0
RAIA,-22.8765093,-43.4649606,10081,CONCORRENTES,0,0,0,0
RAIA,-23.0049275,-43.3216498,10082,CONCORRENTES,0,0,0,0
RAIA,-22.9999561,-43.4146843,10083,CONCORRENTES,0,0,0,0
RAIA,-23.0002932,-43.3473785,10084,CONCORRENTES,0,0,0,0
RAIA,-23.0086127,-43.4464003,10085,CONCORRENTES,0,0,0,0
RAIA,-23.0123737,-43.4566328,10086,CONCORRENTES,0,0,0,0
RAIA,-23.0138202,-43.4670256,10087,CONCORRENTES,0,0,0,0
RAIA,-23.0157635,-43.4698866,10088,CONCORRENTES,0,0,0,0
RAIA,-23.0014139,-43.3310503,10089,CONCORRENTES,0,0,0,0
RAIA,-23.0181912,-43.4794913,10090,CONCORRENTES,0,0,0,0
RAIA,-23.0000165,-43.3339402,10091,CONCORRENTES,0,0,0,0
RAIA,-23.0000714,-43.3346809,10092,CONCORRENTES,0,0,0,0
RAIA,-22.9976583,-43.3581268,10093,CONCORRENTES,0,0,0,0
RAIA,-22.9987766,-43.3603408,10094,CONCORRENTES,0,0,0,0
RAIA,-23.0001419,-43.3844931,10095,CONCORRENTES,0,0,0,0
RAIA,-22.8865063,-43.2841953,10096,CONCORRENTES,0,0,0,0
RAIA,-22.9724849,-43.3924623,10097,CONCORRENTES,0,0,0,0
RAIA,-22.9222242,-43.3607537,10098,CONCORRENTES,0,0,0,0
RAIA,-22.9572295,-43.1766264,10099,CONCORRENTES,0,0,0,0
RAIA,-23.0097361,-43.3506803,10100,CONCORRENTES,0,0,0,0
RAIA,-22.9219385,-43.2353733,10101,CONCORRENTES,0,0,0,0
RAIA,-22.9217671,-43.3704307,10102,CONCORRENTES,0,0,0,0
RAIA,-22.9675176,-43.1823287,10103,CONCORRENTES,0,0,0,0
RAIA,-22.9716641,-43.1877122,10104,CONCORRENTES,0,0,0,0
RAIA,-22.9639681,-43.174076,10105,CONCORRENTES,0,0,0,0
RAIA,-22.9756625,-43.1896793,10106,CONCORRENTES,0,0,0,0
RAIA,-23.0150319,-43.3057599,10107,CONCORRENTES,0,0,0,0
RAIA,-22.8778046,-43.2714868,10108,CONCORRENTES,0,0,0,0
RAIA,-22.9116084,-43.1750055,10109,CONCORRENTES,0,0,0,0
RAIA,-22.9568701,-43.3508144,10110,CONCORRENTES,0,0,0,0
RAIA,-23.0091716,-43.3065551,10111,CONCORRENTES,0,0,0,0
RAIA,-22.9153026,-43.2442728,10112,CONCORRENTES,0,0,0,0
RAIA,-22.91881,-43.550966,10113,CONCORRENTES,0,0,0,0
RAIA,-22.9707437,-43.3887283,10114,CONCORRENTES,0,0,0,0
RAIA,-22.9426988,-43.3406494,10115,CONCORRENTES,0,0,0,0
RAIA,-22.8053463,-43.2018863,10116,CONCORRENTES,0,0,0,0
RAIA,-22.9983631,-43.269988,10117,CONCORRENTES,0,0,0,0
RAIA,-22.8713704,-43.3412983,10118,CONCORRENTES,0,0,0,0
RAIA,-22.9166759,-43.3771793,10119,CONCORRENTES,0,0,0,0
RAIA,-22.927935,-43.3589685,10120,CONCORRENTES,0,0,0,0
RAIA,-22.9744931,-43.4139128,10121,CONCORRENTES,0,0,0,0
RAIA,-22.9119751,-43.1879433,10122,CONCORRENTES,0,0,0,0
RAIA,-22.9350268,-43.3357086,10123,CONCORRENTES,0,0,0,0
RAIA,-22.9654958,-43.1806755,10124,CONCORRENTES,0,0,0,0
RAIA,-22.926087,-43.2457742,10125,CONCORRENTES,0,0,0,0
RAIA,-22.8744835,-43.3367364,10126,CONCORRENTES,0,0,0,0
RAIA,-22.9243104,-43.2282299,10127,CONCORRENTES,0,0,0,0
RAIA,-22.9288806,-43.2372251,10128,CONCORRENTES,0,0,0,0
RAIA,-22.9027099,-43.5592115,10129,CONCORRENTES,0,0,0,0
RAIA,-22.9049729,-43.1763919,10130,CONCORRENTES,0,0,0,0
RAIA,-22.933695,-43.1857207,10131,CONCORRENTES,0,0,0,0
RAIA,-22.9029677,-43.2824073,10132,CONCORRENTES,0,0,0,0
RAIA,-22.9045719,-43.2886525,10133,CONCORRENTES,0,0,0,0
RAIA,-22.9261081,-43.1767647,10134,CONCORRENTES,0,0,0,0
RAIA,-22.930953,-43.1761951,10135,CONCORRENTES,0,0,0,0
RAIA,-22.8537481,-43.3503366,10136,CONCORRENTES,0,0,0,0
RAIA,-22.9037148,-43.5568083,10137,CONCORRENTES,0,0,0,0
RAIA,-22.9693504,-43.1865227,10138,CONCORRENTES,0,0,0,0
RAIA,-22.8794356,-43.4625803,10139,CONCORRENTES,0,0,0,0
RAIA,-22.9254587,-43.2328241,10140,CONCORRENTES,0,0,0,0
RAIA,-22.9634441,-43.1718782,10141,CONCORRENTES,0,0,0,0
RAIA,-22.9209249,-43.2187817,10142,CONCORRENTES,0,0,0,0
RAIA,-22.9648274,-43.2175884,10143,CONCORRENTES,0,0,0,0
RAIA,-22.8878701,-43.2845154,10144,CONCORRENTES,0,0,0,0
RAIA,-22.8870269,-43.3642908,10145,CONCORRENTES,0,0,0,0
RAIA,-22.93807,-43.1774973,10146,CONCORRENTES,0,0,0,0
RAIA,-22.9749779,-43.2276062,10147,CONCORRENTES,0,0,0,0
RAIA,-22.9206978,-43.2447799,10148,CONCORRENTES,0,0,0,0
RAIA,-22.9633973,-43.175946,10149,CONCORRENTES,0,0,0,0
RAIA,-22.9489199,-43.1839859,10150,CONCORRENTES,0,0,0,0
RAIA,-22.9559295,-43.1922574,10151,CONCORRENTES,0,0,0,0
RAIA,-22.8060016,-43.2094187,10152,CONCORRENTES,0,0,0,0
RAIA,-22.9149302,-43.1868086,10153,CONCORRENTES,0,0,0,0
RAIA,-22.9228147,-43.232193,10154,CONCORRENTES,0,0,0,0
RAIA,-22.9352325,-43.1748623,10155,CONCORRENTES,0,0,0,0
RAIA,-22.9000713,-43.2812036,10156,CONCORRENTES,0,0,0,0
RAIA,-22.9809731,-43.1908519,10157,CONCORRENTES,0,0,0,0
RAIA,-22.8083092,-43.1834453,10158,CONCORRENTES,0,0,0,0
RAIA,-22.9404725,-43.3384615,10159,CONCORRENTES,0,0,0,0
RAIA,-22.9841993,-43.2011087,10160,CONCORRENTES,0,0,0,0
RAIA,-22.9845511,-43.1953342,10161,CONCORRENTES,0,0,0,0
RAIA,-22.9834986,-43.2126032,10162,CONCORRENTES,0,0,0,0
RAIA,-22.9563504,-43.1976225,10163,CONCORRENTES,0,0,0,0
RAIA,-22.953431,-43.1904002,10164,CONCORRENTES,0,0,0,0
RAIA,-22.8243129,-43.0072127,10165,CONCORRENTES,0,0,0,0
RAIA,-22.8240722,-43.0203411,10166,CONCORRENTES,0,0,0,0
RAIA,-22.8217948,-43.0414273,10167,CONCORRENTES,0,0,0,0
RAIA,-22.7751117,-43.3806841,10168,CONCORRENTES,0,0,0,0
RAIA,-22.8033594,-43.3676042,10169,CONCORRENTES,0,0,0,0
RAIA,-22.8067077,-42.1408576,10170,CONCORRENTES,0,0,0,0
RAIA,-22.895515,-42.4714229,10171,CONCORRENTES,0,0,0,0
RAIA,-22.4112455,-42.9655612,10172,CONCORRENTES,0,0,0,0
RAIA,-22.4161,-42.9722532,10173,CONCORRENTES,0,0,0,0
RAIA,-22.4216128,-42.9766772,10174,CONCORRENTES,0,0,0,0
RAIA,-22.4371376,-42.9788431,10175,CONCORRENTES,0,0,0,0
RAIA,-22.1155482,-43.2074502,10176,CONCORRENTES,0,0,0,0
RAIA,-22.2402412,-43.6944438,10177,CONCORRENTES,0,0,0,0
RAIA,-22.5129095,-44.0923371,10178,CONCORRENTES,0,0,0,0
RAIA,-22.504012,-44.0918624,10179,CONCORRENTES,0,0,0,0
RAIA,-22.4996453,-44.1088991,10180,CONCORRENTES,0,0,0,0
RAIA,-22.5113069,-44.084255,10181,CONCORRENTES,0,0,0,0
RAIA,-22.5195368,-44.1039448,10182,CONCORRENTES,0,0,0,0
RAIA,-21.7804,-41.3254,10183,CONCORRENTES,0,0,0,0
RAIA,-22.723,-43.5601,10184,CONCORRENTES,0,0,0,0
RAIA,-22.9223,-43.2385,10185,CONCORRENTES,0,0,0,0
PACHECO,-22.7741,-43.3987,10186,CONCORRENTES,0,0,0,0
PACHECO,-23.0003241,-44.3006062,10187,CONCORRENTES,0,0,0,0
PACHECO,-23.0031218,-44.2996996,10188,CONCORRENTES,0,0,0,0
PACHECO,-23.0084824,-44.3183281,10189,CONCORRENTES,0,0,0,0
PACHECO,-22.8726707,-42.3357949,10190,CONCORRENTES,0,0,0,0
PACHECO,-22.8670877,-42.333548,10191,CONCORRENTES,0,0,0,0
PACHECO,-22.8760335,-42.3397369,10192,CONCORRENTES,0,0,0,0
PACHECO,-22.7447166,-41.9677776,10193,CONCORRENTES,0,0,0,0
PACHECO,-22.4692811,-43.8260739,10194,CONCORRENTES,0,0,0,0
PACHECO,-22.5447671,-44.1714519,10195,CONCORRENTES,0,0,0,0
PACHECO,-22.540616,-44.169268,10196,CONCORRENTES,0,0,0,0
PACHECO,-22.7117422,-43.3209851,10197,CONCORRENTES,0,0,0,0
PACHECO,-22.7727042,-43.3969623,10198,CONCORRENTES,0,0,0,0
PACHECO,-22.7147776,-43.3261299,10199,CONCORRENTES,0,0,0,0
PACHECO,-22.7642716,-43.4005216,10200,CONCORRENTES,0,0,0,0
PACHECO,-22.7540844,-43.4844478,10201,CONCORRENTES,0,0,0,0
PACHECO,-22.878334,-42.016973,10202,CONCORRENTES,0,0,0,0
PACHECO,-22.8796911,-42.0187457,10203,CONCORRENTES,0,0,0,0
PACHECO,-22.8465897,-42.0299192,10204,CONCORRENTES,0,0,0,0
PACHECO,-22.8804547,-42.0203863,10205,CONCORRENTES,0,0,0,0
PACHECO,-22.6384971,-42.0111139,10206,CONCORRENTES,0,0,0,0
PACHECO,-21.750952,-41.336651,10207,CONCORRENTES,0,0,0,0
PACHECO,-21.7595806,-41.3339939,10208,CONCORRENTES,0,0,0,0
PACHECO,-21.8307564,-41.2734171,10209,CONCORRENTES,0,0,0,0
PACHECO,-21.7483064,-41.3226963,10210,CONCORRENTES,0,0,0,0
PACHECO,-21.7379771,-41.3140219,10211,CONCORRENTES,0,0,0,0
PACHECO,-21.7579625,-41.3230232,10212,CONCORRENTES,0,0,0,0
PACHECO,-21.756013,-41.3230549,10213,CONCORRENTES,0,0,0,0
PACHECO,-21.7608588,-41.3299969,10214,CONCORRENTES,0,0,0,0
PACHECO,-21.7635853,-41.311241,10215,CONCORRENTES,0,0,0,0
PACHECO,-21.7543225,-41.3487367,10216,CONCORRENTES,0,0,0,0
PACHECO,-21.7624372,-41.3248898,10217,CONCORRENTES,0,0,0,0
PACHECO,-21.7624531,-41.3325582,10218,CONCORRENTES,0,0,0,0
PACHECO,-22.8547476,-43.0216105,10219,CONCORRENTES,0,0,0,0
PACHECO,-22.638868,-43.271897,10220,CONCORRENTES,0,0,0,0
PACHECO,-22.785533,-43.3097521,10221,CONCORRENTES,0,0,0,0
PACHECO,-22.787049,-43.3107478,10222,CONCORRENTES,0,0,0,0
PACHECO,-22.7905271,-43.306742,10223,CONCORRENTES,0,0,0,0
PACHECO,-22.7950067,-43.3026539,10224,CONCORRENTES,0,0,0,0
PACHECO,-22.7874671,-43.3132832,10225,CONCORRENTES,0,0,0,0
PACHECO,-22.6795694,-43.2634073,10226,CONCORRENTES,0,0,0,0
PACHECO,-22.7963112,-43.3188863,10227,CONCORRENTES,0,0,0,0
PACHECO,-22.5892503,-43.3042044,10228,CONCORRENTES,0,0,0,0
PACHECO,-22.6776418,-43.2477276,10229,CONCORRENTES,0,0,0,0
PACHECO,-22.6200193,-43.198251,10230,CONCORRENTES,0,0,0,0
PACHECO,-22.7740148,-43.2954193,10231,CONCORRENTES,0,0,0,0
PACHECO,-22.7894893,-43.3118276,10232,CONCORRENTES,0,0,0,0
PACHECO,-22.7873313,-43.3117608,10233,CONCORRENTES,0,0,0,0
PACHECO,-22.5254447,-42.9816384,10234,CONCORRENTES,0,0,0,0
PACHECO,-22.8405564,-42.2231273,10235,CONCORRENTES,0,0,0,0
PACHECO,-22.7503128,-42.8602119,10236,CONCORRENTES,0,0,0,0
PACHECO,-22.7727638,-42.9221555,10237,CONCORRENTES,0,0,0,0
PACHECO,-22.7463938,-42.8563092,10238,CONCORRENTES,0,0,0,0
PACHECO,-22.8703508,-43.7786991,10239,CONCORRENTES,0,0,0,0
PACHECO,-22.8722548,-43.774774,10240,CONCORRENTES,0,0,0,0
PACHECO,-22.8702767,-43.7814739,10241,CONCORRENTES,0,0,0,0
PACHECO,-22.8701509,-43.7793267,10242,CONCORRENTES,0,0,0,0
PACHECO,-21.2071449,-41.8889587,10243,CONCORRENTES,0,0,0,0
PACHECO,-22.3727244,-41.77835,10244,CONCORRENTES,0,0,0,0
PACHECO,-22.3758193,-41.7771472,10245,CONCORRENTES,0,0,0,0
PACHECO,-22.395194,-41.783873,10246,CONCORRENTES,0,0,0,0
PACHECO,-22.4042949,-41.8021812,10247,CONCORRENTES,0,0,0,0
PACHECO,-22.609535,-43.1784621,10248,CONCORRENTES,0,0,0,0
PACHECO,-22.6597394,-43.0362685,10249,CONCORRENTES,0,0,0,0
PACHECO,-22.6561917,-43.0394818,10250,CONCORRENTES,0,0,0,0
PACHECO,-22.655717,-43.039038,10251,CONCORRENTES,0,0,0,0
PACHECO,-22.9162951,-42.8163134,10252,CONCORRENTES,0,0,0,0
PACHECO,-22.9596467,-42.9795604,10253,CONCORRENTES,0,0,0,0
PACHECO,-22.9172855,-42.8177387,10254,CONCORRENTES,0,0,0,0
PACHECO,-22.7825888,-43.4302527,10255,CONCORRENTES,0,0,0,0
PACHECO,-22.7853279,-43.4302313,10256,CONCORRENTES,0,0,0,0
PACHECO,-22.8100709,-43.4147016,10257,CONCORRENTES,0,0,0,0
PACHECO,-22.8078988,-43.4160863,10258,CONCORRENTES,0,0,0,0
PACHECO,-22.8091967,-43.4172254,10259,CONCORRENTES,0,0,0,0
PACHECO,-22.8088526,-43.4169482,10260,CONCORRENTES,0,0,0,0
PACHECO,-22.8082024,-43.4160957,10261,CONCORRENTES,0,0,0,0
PACHECO,-22.8107384,-43.4210716,10262,CONCORRENTES,0,0,0,0
PACHECO,-22.8816533,-43.0863796,10263,CONCORRENTES,0,0,0,0
PACHECO,-22.9385845,-43.026586,10264,CONCORRENTES,0,0,0,0
PACHECO,-22.9146904,-43.0906817,10265,CONCORRENTES,0,0,0,0
PACHECO,-22.9080001,-43.066703,10266,CONCORRENTES,0,0,0,0
PACHECO,-22.91204,-43.07524,10267,CONCORRENTES,0,0,0,0
PACHECO,-22.8916923,-43.123371,10268,CONCORRENTES,0,0,0,0
PACHECO,-22.8930998,-43.1235192,10269,CONCORRENTES,0,0,0,0
PACHECO,-22.9074376,-43.0597442,10270,CONCORRENTES,0,0,0,0
PACHECO,-22.9509918,-43.0292622,10271,CONCORRENTES,0,0,0,0
PACHECO,-22.9385049,-43.0606544,10272,CONCORRENTES,0,0,0,0
PACHECO,-22.9061848,-43.1108978,10273,CONCORRENTES,0,0,0,0
PACHECO,-22.8944432,-43.1196085,10274,CONCORRENTES,0,0,0,0
PACHECO,-22.8945655,-43.1191191,10275,CONCORRENTES,0,0,0,0
PACHECO,-22.8939572,-43.1224333,10276,CONCORRENTES,0,0,0,0
PACHECO,-22.9044775,-43.1058212,10277,CONCORRENTES,0,0,0,0
PACHECO,-22.901739,-43.1222016,10278,CONCORRENTES,0,0,0,0
PACHECO,-22.8988298,-43.1056318,10279,CONCORRENTES,0,0,0,0
PACHECO,-22.8981938,-43.1040782,10280,CONCORRENTES,0,0,0,0
PACHECO,-22.9034083,-43.112236,10281,CONCORRENTES,0,0,0,0
PACHECO,-22.9028304,-43.1107667,10282,CONCORRENTES,0,0,0,0
PACHECO,-22.9041288,-43.1093355,10283,CONCORRENTES,0,0,0,0
PACHECO,-22.9051003,-43.1091934,10284,CONCORRENTES,0,0,0,0
PACHECO,-22.9074706,-43.1060722,10285,CONCORRENTES,0,0,0,0
PACHECO,-22.9029053,-43.1148858,10286,CONCORRENTES,0,0,0,0
PACHECO,-22.9027092,-43.1148951,10287,CONCORRENTES,0,0,0,0
PACHECO,-22.9041513,-43.1231872,10288,CONCORRENTES,0,0,0,0
PACHECO,-22.8967925,-43.12388,10289,CONCORRENTES,0,0,0,0
PACHECO,-22.8911448,-43.1225282,10290,CONCORRENTES,0,0,0,0
PACHECO,-22.8931167,-43.1224734,10291,CONCORRENTES,0,0,0,0
PACHECO,-22.2860552,-42.5317266,10292,CONCORRENTES,0,0,0,0
PACHECO,-22.295443,-42.538918,10293,CONCORRENTES,0,0,0,0
PACHECO,-22.2727377,-42.5264409,10294,CONCORRENTES,0,0,0,0
PACHECO,-22.7859341,-43.5434433,10295,CONCORRENTES,0,0,0,0
PACHECO,-22.7586532,-43.457614,10296,CONCORRENTES,0,0,0,0
PACHECO,-22.7585976,-43.4511234,10297,CONCORRENTES,0,0,0,0
PACHECO,-22.7581396,-43.4522889,10298,CONCORRENTES,0,0,0,0
PACHECO,-22.7598055,-43.4482161,10299,CONCORRENTES,0,0,0,0
PACHECO,-22.7532679,-43.4542096,10300,CONCORRENTES,0,0,0,0
PACHECO,-22.760242,-43.4498367,10301,CONCORRENTES,0,0,0,0
PACHECO,-22.8424031,-43.6084965,10302,CONCORRENTES,0,0,0,0
PACHECO,-22.7587637,-43.4504112,10303,CONCORRENTES,0,0,0,0
PACHECO,-22.7070918,-43.4291337,10304,CONCORRENTES,0,0,0,0
PACHECO,-22.7191636,-43.5240537,10305,CONCORRENTES,0,0,0,0
PACHECO,-22.7571866,-43.452547,10306,CONCORRENTES,0,0,0,0
PACHECO,-22.760368,-43.4537126,10307,CONCORRENTES,0,0,0,0
PACHECO,-22.7607949,-43.450491,10308,CONCORRENTES,0,0,0,0
PACHECO,-22.7608843,-43.4474187,10309,CONCORRENTES,0,0,0,0
PACHECO,-22.7437099,-43.486785,10310,CONCORRENTES,0,0,0,0
PACHECO,-23.2207374,-44.7227325,10311,CONCORRENTES,0,0,0,0
PACHECO,-22.4010393,-43.1343955,10312,CONCORRENTES,0,0,0,0
PACHECO,-22.5259953,-43.1930458,10313,CONCORRENTES,0,0,0,0
PACHECO,-22.5091083,-43.1727864,10314,CONCORRENTES,0,0,0,0
PACHECO,-22.5072728,-43.1918354,10315,CONCORRENTES,0,0,0,0
PACHECO,-22.5090748,-43.1698915,10316,CONCORRENTES,0,0,0,0
PACHECO,-22.7126449,-43.5766875,10317,CONCORRENTES,0,0,0,0
PACHECO,-22.7155953,-43.5569407,10318,CONCORRENTES,0,0,0,0
PACHECO,-22.4638545,-44.4483777,10319,CONCORRENTES,0,0,0,0
PACHECO,-22.4700932,-44.4609974,10320,CONCORRENTES,0,0,0,0
PACHECO,-22.4670101,-44.4533547,10321,CONCORRENTES,0,0,0,0
PACHECO,-22.7105226,-42.6230912,10322,CONCORRENTES,0,0,0,0
PACHECO,-22.5344791,-41.963179,10323,CONCORRENTES,0,0,0,0
PACHECO,-22.524282,-41.9400145,10324,CONCORRENTES,0,0,0,0
PACHECO,-22.5080798,-41.9275486,10325,CONCORRENTES,0,0,0,0
PACHECO,-22.5257077,-41.9423406,10326,CONCORRENTES,0,0,0,0
PACHECO,-22.8618881,-43.4896034,10327,CONCORRENTES,0,0,0,0
PACHECO,-23.0201203,-43.4838537,10328,CONCORRENTES,0,0,0,0
PACHECO,-22.8766807,-43.3432929,10329,CONCORRENTES,0,0,0,0
PACHECO,-22.9662825,-43.1803786,10330,CONCORRENTES,0,0,0,0
PACHECO,-23.007561,-43.3078555,10331,CONCORRENTES,0,0,0,0
PACHECO,-22.9860265,-43.227455,10332,CONCORRENTES,0,0,0,0
PACHECO,-22.9840653,-43.219025,10333,CONCORRENTES,0,0,0,0
PACHECO,-22.9836372,-43.2196299,10334,CONCORRENTES,0,0,0,0
PACHECO,-22.983799,-43.220972,10335,CONCORRENTES,0,0,0,0
PACHECO,-22.9848391,-43.2250261,10336,CONCORRENTES,0,0,0,0
PACHECO,-22.9840787,-43.2230134,10337,CONCORRENTES,0,0,0,0
PACHECO,-22.8410941,-43.3688786,10338,CONCORRENTES,0,0,0,0
PACHECO,-22.8353654,-43.2813619,10339,CONCORRENTES,0,0,0,0
PACHECO,-22.8397282,-43.3116012,10340,CONCORRENTES,0,0,0,0
PACHECO,-22.8388629,-43.2958123,10341,CONCORRENTES,0,0,0,0
PACHECO,-22.9171137,-43.6327701,10342,CONCORRENTES,0,0,0,0
PACHECO,-22.9094738,-43.5807627,10343,CONCORRENTES,0,0,0,0
PACHECO,-22.876952,-43.4650977,10344,CONCORRENTES,0,0,0,0
PACHECO,-22.878471,-43.4648772,10345,CONCORRENTES,0,0,0,0
PACHECO,-22.8759737,-43.4648091,10346,CONCORRENTES,0,0,0,0
PACHECO,-23.0006032,-43.3541134,10347,CONCORRENTES,0,0,0,0
PACHECO,-23.0063647,-43.4322009,10348,CONCORRENTES,0,0,0,0
PACHECO,-23.0092019,-43.4440976,10349,CONCORRENTES,0,0,0,0
PACHECO,-23.0082405,-43.4448702,10350,CONCORRENTES,0,0,0,0
PACHECO,-23.0132322,-43.4597487,10351,CONCORRENTES,0,0,0,0
PACHECO,-23.0132521,-43.464355,10352,CONCORRENTES,0,0,0,0
PACHECO,-23.0000513,-43.3332004,10353,CONCORRENTES,0,0,0,0
PACHECO,-23.0202897,-43.4871041,10354,CONCORRENTES,0,0,0,0
PACHECO,-22.9976583,-43.3581268,10355,CONCORRENTES,0,0,0,0
PACHECO,-22.9999232,-43.3396081,10356,CONCORRENTES,0,0,0,0
PACHECO,-23.0007498,-43.3835775,10357,CONCORRENTES,0,0,0,0
PACHECO,-22.9995588,-43.4043753,10358,CONCORRENTES,0,0,0,0
PACHECO,-22.8788223,-43.4290424,10359,CONCORRENTES,0,0,0,0
PACHECO,-22.8862019,-43.2828232,10360,CONCORRENTES,0,0,0,0
PACHECO,-22.8873005,-43.2856322,10361,CONCORRENTES,0,0,0,0
PACHECO,-22.8852767,-43.2986056,10362,CONCORRENTES,0,0,0,0
PACHECO,-22.972783,-43.3920835,10363,CONCORRENTES,0,0,0,0
PACHECO,-22.9443254,-43.3679793,10364,CONCORRENTES,0,0,0,0
PACHECO,-23.2577339,-43.343733,10365,CONCORRENTES,0,0,0,0
PACHECO,-22.9208941,-43.360438,10366,CONCORRENTES,0,0,0,0
PACHECO,-22.9890673,-43.3615292,10367,CONCORRENTES,0,0,0,0
PACHECO,-22.8810932,-43.2938719,10368,CONCORRENTES,0,0,0,0
PACHECO,-22.9215315,-43.2354314,10369,CONCORRENTES,0,0,0,0
PACHECO,-22.8832874,-43.4079374,10370,CONCORRENTES,0,0,0,0
PACHECO,-23.0015147,-43.3505587,10371,CONCORRENTES,0,0,0,0
PACHECO,-22.8386114,-43.3115446,10372,CONCORRENTES,0,0,0,0
PACHECO,-22.8737604,-43.4650828,10373,CONCORRENTES,0,0,0,0
PACHECO,-22.8710707,-43.3360867,10374,CONCORRENTES,0,0,0,0
PACHECO,-22.874199,-43.3373305,10375,CONCORRENTES,0,0,0,0
PACHECO,-22.833515,-43.3274715,10376,CONCORRENTES,0,0,0,0
PACHECO,-22.8467963,-43.3243166,10377,CONCORRENTES,0,0,0,0
PACHECO,-22.9221906,-43.3710188,10378,CONCORRENTES,0,0,0,0
PACHECO,-22.9647116,-43.1753102,10379,CONCORRENTES,0,0,0,0
PACHECO,-22.9661761,-43.1781594,10380,CONCORRENTES,0,0,0,0
PACHECO,-22.9662825,-43.1803786,10381,CONCORRENTES,0,0,0,0
PACHECO,-22.9695455,-43.1854235,10382,CONCORRENTES,0,0,0,0
PACHECO,-22.9710104,-43.1871069,10383,CONCORRENTES,0,0,0,0
PACHECO,-22.9722763,-43.188023,10384,CONCORRENTES,0,0,0,0
PACHECO,-22.9737953,-43.1885255,10385,CONCORRENTES,0,0,0,0
PACHECO,-23.013062,-43.9589879,10386,CONCORRENTES,0,0,0,0
PACHECO,-23.0107566,-43.3047574,10387,CONCORRENTES,0,0,0,0
PACHECO,-22.7959869,-43.1836643,10388,CONCORRENTES,0,0,0,0
PACHECO,-22.8778046,-43.2714868,10389,CONCORRENTES,0,0,0,0
PACHECO,-22.901277,-43.1805957,10390,CONCORRENTES,0,0,0,0
PACHECO,-22.9031252,-43.178095,10391,CONCORRENTES,0,0,0,0
PACHECO,-22.9070683,-43.1775715,10392,CONCORRENTES,0,0,0,0
PACHECO,-23.0095921,-43.3169648,10393,CONCORRENTES,0,0,0,0
PACHECO,-22.9558848,-43.3498815,10394,CONCORRENTES,0,0,0,0
PACHECO,-22.8500572,-43.3115069,10395,CONCORRENTES,0,0,0,0
PACHECO,-22.915496,-43.243607,10396,CONCORRENTES,0,0,0,0
PACHECO,-22.9155363,-43.246011,10397,CONCORRENTES,0,0,0,0
PACHECO,-22.9168087,-43.2497516,10398,CONCORRENTES,0,0,0,0
PACHECO,-22.8271851,-43.3163392,10399,CONCORRENTES,0,0,0,0
PACHECO,-22.8271851,-43.3163392,10400,CONCORRENTES,0,0,0,0
PACHECO,-22.9378261,-43.3749897,10401,CONCORRENTES,0,0,0,0
PACHECO,-23.013195,-43.4630907,10402,CONCORRENTES,0,0,0,0
PACHECO,-22.9552732,-43.5739658,10403,CONCORRENTES,0,0,0,0
PACHECO,-22.9990857,-43.3043209,10404,CONCORRENTES,0,0,0,0
PACHECO,-22.8109515,-43.1899977,10405,CONCORRENTES,0,0,0,0
PACHECO,-23.0006118,-43.6340764,10406,CONCORRENTES,0,0,0,0
PACHECO,-22.9540493,-43.3378861,10407,CONCORRENTES,0,0,0,0
PACHECO,-22.9413708,-43.3419317,10408,CONCORRENTES,0,0,0,0
PACHECO,-22.8466962,-43.3394671,10409,CONCORRENTES,0,0,0,0
PACHECO,-22.9142731,-43.3738455,10410,CONCORRENTES,0,0,0,0
PACHECO,-22.8082517,-43.1970741,10411,CONCORRENTES,0,0,0,0
PACHECO,-22.8044748,-43.2043663,10412,CONCORRENTES,0,0,0,0
PACHECO,-22.8644709,-43.5488999,10413,CONCORRENTES,0,0,0,0
PACHECO,-22.9274502,-43.5748104,10414,CONCORRENTES,0,0,0,0
PACHECO,-22.923844,-43.567278,10415,CONCORRENTES,0,0,0,0
PACHECO,-22.870455,-43.3410831,10416,CONCORRENTES,0,0,0,0
PACHECO,-22.8730047,-43.3390465,10417,CONCORRENTES,0,0,0,0
PACHECO,-22.9211319,-43.3744728,10418,CONCORRENTES,0,0,0,0
PACHECO,-22.936677,-43.3714334,10419,CONCORRENTES,0,0,0,0
PACHECO,-22.9807925,-43.4917474,10420,CONCORRENTES,0,0,0,0
PACHECO,-22.9236173,-43.3735629,10421,CONCORRENTES,0,0,0,0
PACHECO,-22.9274275,-43.3738998,10422,CONCORRENTES,0,0,0,0
PACHECO,-22.9633577,-43.4048265,10423,CONCORRENTES,0,0,0,0
PACHECO,-22.9670111,-43.4130078,10424,CONCORRENTES,0,0,0,0
PACHECO,-22.936381,-43.333748,10425,CONCORRENTES,0,0,0,0
PACHECO,-22.9398345,-43.3429401,10426,CONCORRENTES,0,0,0,0
PACHECO,-22.9288807,-43.3542423,10427,CONCORRENTES,0,0,0,0
PACHECO,-22.926303,-43.346072,10428,CONCORRENTES,0,0,0,0
PACHECO,-22.9279276,-43.3398971,10429,CONCORRENTES,0,0,0,0
PACHECO,-23.0103132,-43.3044309,10430,CONCORRENTES,0,0,0,0
PACHECO,-22.9317596,-43.1786384,10431,CONCORRENTES,0,0,0,0
PACHECO,-22.9449171,-43.1825521,10432,CONCORRENTES,0,0,0,0
PACHECO,-22.947885,-43.1828509,10433,CONCORRENTES,0,0,0,0
PACHECO,-22.9226594,-43.3736978,10434,CONCORRENTES,0,0,0,0
PACHECO,-22.8665725,-43.2549748,10435,CONCORRENTES,0,0,0,0
PACHECO,-22.8659247,-43.2544364,10436,CONCORRENTES,0,0,0,0
PACHECO,-23.0104459,-43.2973092,10437,CONCORRENTES,0,0,0,0
PACHECO,-22.8544053,-43.3514533,10438,CONCORRENTES,0,0,0,0
PACHECO,-22.9355805,-43.666746,10439,CONCORRENTES,0,0,0,0
PACHECO,-22.89781,-43.3514533,10440,CONCORRENTES,0,0,0,0
PACHECO,-22.9111438,-43.1648755,10441,CONCORRENTES,0,0,0,0
PACHECO,-22.812405,-43.1985993,10442,CONCORRENTES,0,0,0,0
PACHECO,-22.9071724,-43.1768639,10443,CONCORRENTES,0,0,0,0
PACHECO,-22.901597,-43.2236135,10444,CONCORRENTES,0,0,0,0
PACHECO,-22.8078585,-43.3406588,10445,CONCORRENTES,0,0,0,0
PACHECO,-22.8795492,-43.3331682,10446,CONCORRENTES,0,0,0,0
PACHECO,-22.842952,-43.262129,10447,CONCORRENTES,0,0,0,0
PACHECO,-22.9241037,-43.2091225,10448,CONCORRENTES,0,0,0,0
PACHECO,-22.954463,-43.181588,10449,CONCORRENTES,0,0,0,0
PACHECO,-22.8584197,-43.3704322,10450,CONCORRENTES,0,0,0,0
PACHECO,-22.8989847,-43.5589402,10451,CONCORRENTES,0,0,0,0
PACHECO,-22.9235833,-43.2566902,10452,CONCORRENTES,0,0,0,0
PACHECO,-22.9228905,-43.2498453,10453,CONCORRENTES,0,0,0,0
PACHECO,-22.8881418,-43.2755334,10454,CONCORRENTES,0,0,0,0
PACHECO,-22.9017598,-43.5600375,10455,CONCORRENTES,0,0,0,0
PACHECO,-22.7875077,-43.3110916,10456,CONCORRENTES,0,0,0,0
PACHECO,-22.8064452,-43.1816917,10457,CONCORRENTES,0,0,0,0
PACHECO,-22.8639684,-43.2545625,10458,CONCORRENTES,0,0,0,0
PACHECO,-22.9022454,-43.2763435,10459,CONCORRENTES,0,0,0,0
PACHECO,-22.9244371,-43.2264722,10460,CONCORRENTES,0,0,0,0
PACHECO,-22.9236137,-43.2323326,10461,CONCORRENTES,0,0,0,0
PACHECO,-22.922889,-43.222618,10462,CONCORRENTES,0,0,0,0
PACHECO,-22.9248592,-43.2340537,10463,CONCORRENTES,0,0,0,0
PACHECO,-22.9255576,-43.2349765,10464,CONCORRENTES,0,0,0,0
PACHECO,-22.932238,-43.2400413,10465,CONCORRENTES,0,0,0,0
PACHECO,-22.905083,-43.559502,10466,CONCORRENTES,0,0,0,0
PACHECO,-22.9028329,-43.5592866,10467,CONCORRENTES,0,0,0,0
PACHECO,-22.903853,-43.55918,10468,CONCORRENTES,0,0,0,0
PACHECO,-22.8748905,-43.4647435,10469,CONCORRENTES,0,0,0,0
PACHECO,-22.8969565,-43.3511705,10470,CONCORRENTES,0,0,0,0
PACHECO,-22.8966146,-43.3519058,10471,CONCORRENTES,0,0,0,0
PACHECO,-22.9204494,-43.1770716,10472,CONCORRENTES,0,0,0,0
PACHECO,-22.934498,-43.1875152,10473,CONCORRENTES,0,0,0,0
PACHECO,-22.9023777,-43.2782693,10474,CONCORRENTES,0,0,0,0
PACHECO,-22.902659,-43.2811403,10475,CONCORRENTES,0,0,0,0
PACHECO,-22.9024217,-43.281781,10476,CONCORRENTES,0,0,0,0
PACHECO,-22.9041281,-43.2868781,10477,CONCORRENTES,0,0,0,0
PACHECO,-22.905528,-43.2928807,10478,CONCORRENTES,0,0,0,0
PACHECO,-22.9241666,-43.1769664,10479,CONCORRENTES,0,0,0,0
PACHECO,-22.9311582,-43.1780662,10480,CONCORRENTES,0,0,0,0
PACHECO,-22.957268,-43.1992674,10481,CONCORRENTES,0,0,0,0
PACHECO,-22.9146259,-43.2129628,10482,CONCORRENTES,0,0,0,0
PACHECO,-22.4630793,-44.4494662,10483,CONCORRENTES,0,0,0,0
PACHECO,-22.8782282,-43.3254627,10484,CONCORRENTES,0,0,0,0
PACHECO,-22.8765585,-43.3399328,10485,CONCORRENTES,0,0,0,0
PACHECO,-22.9037724,-43.1816565,10486,CONCORRENTES,0,0,0,0
PACHECO,-22.8534926,-43.3502036,10487,CONCORRENTES,0,0,0,0
PACHECO,-22.9279431,-43.6773522,10488,CONCORRENTES,0,0,0,0
PACHECO,-22.9165468,-43.6793894,10489,CONCORRENTES,0,0,0,0
PACHECO,-22.9162567,-43.6835648,10490,CONCORRENTES,0,0,0,0
PACHECO,-22.8786888,-43.4665869,10491,CONCORRENTES,0,0,0,0
PACHECO,-22.8799399,-43.4642502,10492,CONCORRENTES,0,0,0,0
PACHECO,-22.879233,-43.4515439,10493,CONCORRENTES,0,0,0,0
PACHECO,-22.80921,-43.3216568,10494,CONCORRENTES,0,0,0,0
PACHECO,-22.924348,-43.233957,10495,CONCORRENTES,0,0,0,0
PACHECO,-23.0031854,-43.3266012,10496,CONCORRENTES,0,0,0,0
PACHECO,-22.963038,-43.1713673,10497,CONCORRENTES,0,0,0,0
PACHECO,-22.9621191,-43.1680784,10498,CONCORRENTES,0,0,0,0
PACHECO,-22.9220971,-43.2210287,10499,CONCORRENTES,0,0,0,0
PACHECO,-22.943047,-43.331605,10500,CONCORRENTES,0,0,0,0
PACHECO,-22.9650053,-43.2185524,10501,CONCORRENTES,0,0,0,0
PACHECO,-22.9842438,-43.1907195,10502,CONCORRENTES,0,0,0,0
PACHECO,-22.9264447,-43.3596725,10503,CONCORRENTES,0,0,0,0
PACHECO,-22.884893,-43.3662506,10504,CONCORRENTES,0,0,0,0
PACHECO,-22.9227531,-43.2326414,10505,CONCORRENTES,0,0,0,0
PACHECO,-22.8788412,-43.4287657,10506,CONCORRENTES,0,0,0,0
PACHECO,-22.8798536,-43.3376225,10507,CONCORRENTES,0,0,0,0
PACHECO,-22.9153223,-43.2212744,10508,CONCORRENTES,0,0,0,0
PACHECO,-22.9380162,-43.1779892,10509,CONCORRENTES,0,0,0,0
PACHECO,-22.9762985,-43.2285883,10510,CONCORRENTES,0,0,0,0
PACHECO,-22.9206978,-43.2447799,10511,CONCORRENTES,0,0,0,0
PACHECO,-22.893832,-43.218407,10512,CONCORRENTES,0,0,0,0
PACHECO,-22.8400103,-43.2780214,10513,CONCORRENTES,0,0,0,0
PACHECO,-22.8060961,-43.2103857,10514,CONCORRENTES,0,0,0,0
PACHECO,-22.9151241,-43.1877122,10515,CONCORRENTES,0,0,0,0
PACHECO,-22.910827,-43.174075,10516,CONCORRENTES,0,0,0,0
PACHECO,-22.8052293,-43.3664722,10517,CONCORRENTES,0,0,0,0
PACHECO,-22.9103506,-43.1774038,10518,CONCORRENTES,0,0,0,0
PACHECO,-22.9120537,-43.1766103,10519,CONCORRENTES,0,0,0,0
PACHECO,-22.9369456,-43.1757809,10520,CONCORRENTES,0,0,0,0
PACHECO,-22.9045781,-43.1767933,10521,CONCORRENTES,0,0,0,0
PACHECO,-22.9000713,-43.2812036,10522,CONCORRENTES,0,0,0,0
PACHECO,-22.885382,-42.029783,10523,CONCORRENTES,0,0,0,0
PACHECO,-22.9495082,-43.1850077,10524,CONCORRENTES,0,0,0,0
PACHECO,-22.9050855,-43.1753664,10525,CONCORRENTES,0,0,0,0
PACHECO,-22.9000217,-43.223949,10526,CONCORRENTES,0,0,0,0
PACHECO,-22.9415237,-43.3407041,10527,CONCORRENTES,0,0,0,0
PACHECO,-22.8398488,-43.3039402,10528,CONCORRENTES,0,0,0,0
PACHECO,-22.8548563,-43.2607451,10529,CONCORRENTES,0,0,0,0
PACHECO,-22.9274168,-43.2441595,10530,CONCORRENTES,0,0,0,0
PACHECO,-22.9053678,-43.1794931,10531,CONCORRENTES,0,0,0,0
PACHECO,-22.9847529,-43.2002358,10532,CONCORRENTES,0,0,0,0
PACHECO,-22.9843604,-43.2027612,10533,CONCORRENTES,0,0,0,0
PACHECO,-22.984263,-43.2088343,10534,CONCORRENTES,0,0,0,0
PACHECO,-22.9837856,-43.2103472,10535,CONCORRENTES,0,0,0,0
PACHECO,-22.9834986,-43.2126032,10536,CONCORRENTES,0,0,0,0
PACHECO,-22.9843312,-43.1975678,10537,CONCORRENTES,0,0,0,0
PACHECO,-22.9031986,-43.5584693,10538,CONCORRENTES,0,0,0,0
PACHECO,-22.9526218,-43.1877325,10539,CONCORRENTES,0,0,0,0
PACHECO,-22.9536484,-43.1906818,10540,CONCORRENTES,0,0,0,0
PACHECO,-22.9540059,-43.1910781,10541,CONCORRENTES,0,0,0,0
PACHECO,-22.9549012,-43.1933703,10542,CONCORRENTES,0,0,0,0
PACHECO,-22.992045,-43.2516486,10543,CONCORRENTES,0,0,0,0
PACHECO,-21.4817941,-41.1047161,10544,CONCORRENTES,0,0,0,0
PACHECO,-22.8067501,-42.9793346,10545,CONCORRENTES,0,0,0,0
PACHECO,-22.8256086,-43.0107564,10546,CONCORRENTES,0,0,0,0
PACHECO,-22.8276894,-43.0198678,10547,CONCORRENTES,0,0,0,0
PACHECO,-22.82203,-42.99975,10548,CONCORRENTES,0,0,0,0
PACHECO,-22.8221962,-43.0497546,10549,CONCORRENTES,0,0,0,0
PACHECO,-22.8196217,-43.0028073,10550,CONCORRENTES,0,0,0,0
PACHECO,-22.8302616,-43.0925368,10551,CONCORRENTES,0,0,0,0
PACHECO,-22.8247621,-43.0494275,10552,CONCORRENTES,0,0,0,0
PACHECO,-22.8241483,-43.0479102,10553,CONCORRENTES,0,0,0,0
PACHECO,-22.823273,-43.047018,10554,CONCORRENTES,0,0,0,0
PACHECO,-22.8232827,-43.0467118,10555,CONCORRENTES,0,0,0,0
PACHECO,-22.8157687,-43.0246796,10556,CONCORRENTES,0,0,0,0
PACHECO,-22.8334108,-43.0787003,10557,CONCORRENTES,0,0,0,0
PACHECO,-22.8100104,-43.0149383,10558,CONCORRENTES,0,0,0,0
PACHECO,-22.819788,-43.0026427,10559,CONCORRENTES,0,0,0,0
PACHECO,-22.7783633,-43.3685489,10560,CONCORRENTES,0,0,0,0
PACHECO,-22.7720263,-43.3610959,10561,CONCORRENTES,0,0,0,0
PACHECO,-22.8039748,-43.373412,10562,CONCORRENTES,0,0,0,0
PACHECO,-22.8025496,-43.3711323,10563,CONCORRENTES,0,0,0,0
PACHECO,-22.7959176,-43.3510385,10564,CONCORRENTES,0,0,0,0
PACHECO,-22.8029279,-43.3712167,10565,CONCORRENTES,0,0,0,0
PACHECO,-22.8375083,-42.102541,10566,CONCORRENTES,0,0,0,0
PACHECO,-22.8955544,-42.4705646,10567,CONCORRENTES,0,0,0,0
PACHECO,-22.8925691,-42.4678404,10568,CONCORRENTES,0,0,0,0
PACHECO,-22.7442706,-43.7029312,10569,CONCORRENTES,0,0,0,0
PACHECO,-22.4121891,-42.9667426,10570,CONCORRENTES,0,0,0,0
PACHECO,-22.4189782,-42.9744132,10571,CONCORRENTES,0,0,0,0
PACHECO,-22.4106731,-42.9676798,10572,CONCORRENTES,0,0,0,0
PACHECO,-22.1153756,-43.2105369,10573,CONCORRENTES,0,0,0,0
PACHECO,-22.1147275,-43.2075686,10574,CONCORRENTES,0,0,0,0
PACHECO,-22.2443548,-43.7018947,10575,CONCORRENTES,0,0,0,0
PACHECO,-22.5099885,-44.0941603,10576,CONCORRENTES,0,0,0,0
PACHECO,-22.5050531,-44.0922491,10577,CONCORRENTES,0,0,0,0
PACHECO,-22.4976355,-44.1056787,10578,CONCORRENTES,0,0,0,0
PACHECO,-22.5235156,-44.1151551,10579,CONCORRENTES,0,0,0,0
PACHECO,-22.5215538,-44.1027709,10580,CONCORRENTES,0,0,0,0
TAMOIO,-23.008392,-44.3181479,10581,CONCORRENTES,0,0,0,0
TAMOIO,-22.8730848,-42.3372371,10582,CONCORRENTES,0,0,0,0
TAMOIO,-22.8658803,-42.3316919,10583,CONCORRENTES,0,0,0,0
TAMOIO,-22.7812374,-41.9494075,10584,CONCORRENTES,0,0,0,0
TAMOIO,-22.9676878,-42.0228402,10585,CONCORRENTES,0,0,0,0
TAMOIO,-22.4696314,-43.8261062,10586,CONCORRENTES,0,0,0,0
TAMOIO,-22.8800443,-42.0191411,10587,CONCORRENTES,0,0,0,0
TAMOIO,-22.8821112,-42.0277021,10588,CONCORRENTES,0,0,0,0
TAMOIO,-22.8912241,-42.0420517,10589,CONCORRENTES,0,0,0,0
TAMOIO,-22.8435709,-42.0275369,10590,CONCORRENTES,0,0,0,0
TAMOIO,-22.5592215,-42.6890186,10591,CONCORRENTES,0,0,0,0
TAMOIO,-21.8276868,-41.2861152,10592,CONCORRENTES,0,0,0,0
TAMOIO,-21.7837131,-41.3333876,10593,CONCORRENTES,0,0,0,0
TAMOIO,-21.760259,-41.333175,10594,CONCORRENTES,0,0,0,0
TAMOIO,-21.759293,-41.3352196,10595,CONCORRENTES,0,0,0,0
TAMOIO,-21.8380438,-41.2601028,10596,CONCORRENTES,0,0,0,0
TAMOIO,-21.7561069,-41.3212754,10597,CONCORRENTES,0,0,0,0
TAMOIO,-21.7583445,-41.3406193,10598,CONCORRENTES,0,0,0,0
TAMOIO,-21.7639051,-41.3317468,10599,CONCORRENTES,0,0,0,0
TAMOIO,-21.7575604,-41.325132,10600,CONCORRENTES,0,0,0,0
TAMOIO,-21.763974,-41.324655,10601,CONCORRENTES,0,0,0,0
TAMOIO,-22.7718374,-42.9230871,10602,CONCORRENTES,0,0,0,0
TAMOIO,-22.755626,-42.864629,10603,CONCORRENTES,0,0,0,0
TAMOIO,-22.7503358,-42.8604053,10604,CONCORRENTES,0,0,0,0
TAMOIO,-22.7503358,-42.8604053,10605,CONCORRENTES,0,0,0,0
TAMOIO,-21.2068956,-41.8883395,10606,CONCORRENTES,0,0,0,0
TAMOIO,-21.20541,-41.8895793,10607,CONCORRENTES,0,0,0,0
TAMOIO,-21.2039381,-41.8910803,10608,CONCORRENTES,0,0,0,0
TAMOIO,-22.3736301,-41.7777633,10609,CONCORRENTES,0,0,0,0
TAMOIO,-22.5914004,-43.1864695,10610,CONCORRENTES,0,0,0,0
TAMOIO,-22.6609919,-43.0352809,10611,CONCORRENTES,0,0,0,0
TAMOIO,-22.6089633,-43.1784432,10612,CONCORRENTES,0,0,0,0
TAMOIO,-22.6561038,-43.0391276,10613,CONCORRENTES,0,0,0,0
TAMOIO,-22.9115491,-42.8151764,10614,CONCORRENTES,0,0,0,0
TAMOIO,-22.9213935,-42.8174176,10615,CONCORRENTES,0,0,0,0
TAMOIO,-22.9161281,-42.8157705,10616,CONCORRENTES,0,0,0,0
TAMOIO,-22.8814745,-43.08626,10617,CONCORRENTES,0,0,0,0
TAMOIO,-22.943423,-43.029702,10618,CONCORRENTES,0,0,0,0
TAMOIO,-22.9443686,-43.0307422,10619,CONCORRENTES,0,0,0,0
TAMOIO,-22.893431,-43.1222562,10620,CONCORRENTES,0,0,0,0
TAMOIO,-22.8932984,-43.1231552,10621,CONCORRENTES,0,0,0,0
TAMOIO,-22.9177972,-43.0948219,10622,CONCORRENTES,0,0,0,0
TAMOIO,-22.9204642,-43.0907764,10623,CONCORRENTES,0,0,0,0
TAMOIO,-22.9203009,-43.0901226,10624,CONCORRENTES,0,0,0,0
TAMOIO,-22.9202547,-43.0916462,10625,CONCORRENTES,0,0,0,0
TAMOIO,-22.8954523,-43.1238161,10626,CONCORRENTES,0,0,0,0
TAMOIO,-22.9549436,-43.0603086,10627,CONCORRENTES,0,0,0,0
TAMOIO,-22.9068408,-43.0559516,10628,CONCORRENTES,0,0,0,0
TAMOIO,-22.9468672,-43.0313968,10629,CONCORRENTES,0,0,0,0
TAMOIO,-22.9399725,-43.0472769,10630,CONCORRENTES,0,0,0,0
TAMOIO,-22.9533882,-43.0781217,10631,CONCORRENTES,0,0,0,0
TAMOIO,-22.9035697,-43.1192233,10632,CONCORRENTES,0,0,0,0
TAMOIO,-22.9081102,-43.1095565,10633,CONCORRENTES,0,0,0,0
TAMOIO,-22.8236416,-43.3786978,10634,CONCORRENTES,0,0,0,0
TAMOIO,-22.9036992,-43.1222631,10635,CONCORRENTES,0,0,0,0
TAMOIO,-22.901259,-43.1092538,10636,CONCORRENTES,0,0,0,0
TAMOIO,-22.8982839,-43.1031878,10637,CONCORRENTES,0,0,0,0
TAMOIO,-22.9036121,-43.1142229,10638,CONCORRENTES,0,0,0,0
TAMOIO,-22.2849371,-42.5316967,10639,CONCORRENTES,0,0,0,0
TAMOIO,-22.2794789,-42.5325153,10640,CONCORRENTES,0,0,0,0
TAMOIO,-22.3049085,-42.5389884,10641,CONCORRENTES,0,0,0,0
TAMOIO,-22.5093292,-43.1735451,10642,CONCORRENTES,0,0,0,0
TAMOIO,-22.5092635,-43.1743021,10643,CONCORRENTES,0,0,0,0
TAMOIO,-22.5073219,-43.1700327,10644,CONCORRENTES,0,0,0,0
TAMOIO,-22.7098964,-42.6241717,10645,CONCORRENTES,0,0,0,0
TAMOIO,-22.709376,-42.627741,10646,CONCORRENTES,0,0,0,0
TAMOIO,-22.8593556,-43.5492582,10647,CONCORRENTES,0,0,0,0
TAMOIO,-22.9038082,-43.1748679,10648,CONCORRENTES,0,0,0,0
TAMOIO,-22.8096067,-43.0159218,10649,CONCORRENTES,0,0,0,0
TAMOIO,-22.8350644,-43.0541211,10650,CONCORRENTES,0,0,0,0
TAMOIO,-22.8166965,-43.030041,10651,CONCORRENTES,0,0,0,0
TAMOIO,-22.8334206,-43.0795562,10652,CONCORRENTES,0,0,0,0
TAMOIO,-22.8283763,-43.0555833,10653,CONCORRENTES,0,0,0,0
TAMOIO,-22.827514,-43.053354,10654,CONCORRENTES,0,0,0,0
TAMOIO,-22.8274003,-43.0113411,10655,CONCORRENTES,0,0,0,0
TAMOIO,-22.818525,-43.0065364,10656,CONCORRENTES,0,0,0,0
TAMOIO,-22.8197931,-43.0022361,10657,CONCORRENTES,0,0,0,0
TAMOIO,-22.8233373,-43.0475525,10658,CONCORRENTES,0,0,0,0
TAMOIO,-22.8381979,-43.06598,10659,CONCORRENTES,0,0,0,0
TAMOIO,-22.8152576,-43.0234559,10660,CONCORRENTES,0,0,0,0
TAMOIO,-22.8234894,-43.0455772,10661,CONCORRENTES,0,0,0,0
TAMOIO,-22.7972835,-42.979552,10662,CONCORRENTES,0,0,0,0
TAMOIO,-22.83272,-43.041698,10663,CONCORRENTES,0,0,0,0
TAMOIO,-22.8194333,-43.000938,10664,CONCORRENTES,0,0,0,0
TAMOIO,-22.820138,-43.002357,10665,CONCORRENTES,0,0,0,0
TAMOIO,-22.8373959,-42.102329,10666,CONCORRENTES,0,0,0,0
TAMOIO,-22.8371019,-42.102255,10667,CONCORRENTES,0,0,0,0
TAMOIO,-22.8925674,-42.4682764,10668,CONCORRENTES,0,0,0,0
TAMOIO,-22.4124132,-42.9670275,10669,CONCORRENTES,0,0,0,0
TAMOIO,-22.2438983,-43.7021308,10670,CONCORRENTES,0,0,0,0
DROGASMIL,-22.7145975,-43.3269762,10671,CONCORRENTES,0,0,0,0
DROGASMIL,-22.7868857,-43.3117163,10672,CONCORRENTES,0,0,0,0
DROGASMIL,-22.7898668,-43.3070053,10673,CONCORRENTES,0,0,0,0
DROGASMIL,-22.7866898,-43.2864438,10674,CONCORRENTES,0,0,0,0
DROGASMIL,-22.7868276,-43.3106513,10675,CONCORRENTES,0,0,0,0
DROGASMIL,-22.8087442,-43.4166983,10676,CONCORRENTES,0,0,0,0
DROGASMIL,-22.761706,-43.4652843,10677,CONCORRENTES,0,0,0,0
DROGASMIL,-22.7894592,-43.5498611,10678,CONCORRENTES,0,0,0,0
DROGASMIL,-22.7858578,-43.5434011,10679,CONCORRENTES,0,0,0,0
DROGASMIL,-22.7599231,-43.4555069,10680,CONCORRENTES,0,0,0,0
DROGASMIL,-22.7601319,-43.450474,10681,CONCORRENTES,0,0,0,0
DROGASMIL,-22.7063195,-43.5718637,10682,CONCORRENTES,0,0,0,0
DROGASMIL,-22.8019189,-43.2016821,10683,CONCORRENTES,0,0,0,0
DROGASMIL,-22.9906355,-43.4311043,10684,CONCORRENTES,0,0,0,0
DROGASMIL,-23.0203809,-43.4536006,10685,CONCORRENTES,0,0,0,0
DROGASMIL,-22.9099254,-43.1723904,10686,CONCORRENTES,0,0,0,0
DROGASMIL,-22.984366,-43.223874,10687,CONCORRENTES,0,0,0,0
DROGASMIL,-23.0028835,-43.3638947,10688,CONCORRENTES,0,0,0,0
DROGASMIL,-22.8593556,-43.5492582,10689,CONCORRENTES,0,0,0,0
DROGASMIL,-22.9094738,-43.5807627,10690,CONCORRENTES,0,0,0,0
DROGASMIL,-23.0119956,-43.461621,10691,CONCORRENTES,0,0,0,0
DROGASMIL,-23.0010063,-43.3416865,10692,CONCORRENTES,0,0,0,0
DROGASMIL,-23.001215,-43.3382973,10693,CONCORRENTES,0,0,0,0
DROGASMIL,-22.9999232,-43.3396081,10694,CONCORRENTES,0,0,0,0
DROGASMIL,-23.001429,-43.3860163,10695,CONCORRENTES,0,0,0,0
DROGASMIL,-23.0162069,-43.4723677,10696,CONCORRENTES,0,0,0,0
DROGASMIL,-22.8862149,-43.2833283,10697,CONCORRENTES,0,0,0,0
DROGASMIL,-22.8852824,-43.2823954,10698,CONCORRENTES,0,0,0,0
DROGASMIL,-23.0098008,-43.3504075,10699,CONCORRENTES,0,0,0,0
DROGASMIL,-22.8468711,-43.3244015,10700,CONCORRENTES,0,0,0,0
DROGASMIL,-22.9218706,-43.370755,10701,CONCORRENTES,0,0,0,0
DROGASMIL,-22.9845677,-43.1906439,10702,CONCORRENTES,0,0,0,0
DROGASMIL,-22.9662825,-43.1803786,10703,CONCORRENTES,0,0,0,0
DROGASMIL,-22.9710871,-43.1871421,10704,CONCORRENTES,0,0,0,0
DROGASMIL,-22.9733043,-43.1886586,10705,CONCORRENTES,0,0,0,0
DROGASMIL,-22.9662825,-43.1803786,10706,CONCORRENTES,0,0,0,0
DROGASMIL,-22.9765052,-43.1905694,10707,CONCORRENTES,0,0,0,0
DROGASMIL,-22.8317546,-43.3442454,10708,CONCORRENTES,0,0,0,0
DROGASMIL,-22.8777526,-43.271593,10709,CONCORRENTES,0,0,0,0
DROGASMIL,-22.9112049,-43.175102,10710,CONCORRENTES,0,0,0,0
DROGASMIL,-22.8502035,-43.3104912,10711,CONCORRENTES,0,0,0,0
DROGASMIL,-22.8861,-43.5577658,10712,CONCORRENTES,0,0,0,0
DROGASMIL,-23.0249536,-43.5010636,10713,CONCORRENTES,0,0,0,0
DROGASMIL,-22.9276039,-43.359336,10714,CONCORRENTES,0,0,0,0
DROGASMIL,-22.9230455,-43.3750727,10715,CONCORRENTES,0,0,0,0
DROGASMIL,-22.8644709,-43.5488999,10716,CONCORRENTES,0,0,0,0
DROGASMIL,-22.947461,-43.1834672,10717,CONCORRENTES,0,0,0,0
DROGASMIL,-22.9242718,-43.2317923,10718,CONCORRENTES,0,0,0,0
DROGASMIL,-22.9240171,-43.2090469,10719,CONCORRENTES,0,0,0,0
DROGASMIL,-22.9193268,-43.2501861,10720,CONCORRENTES,0,0,0,0
DROGASMIL,-22.9242946,-43.2270123,10721,CONCORRENTES,0,0,0,0
DROGASMIL,-22.9320902,-43.2401161,10722,CONCORRENTES,0,0,0,0
DROGASMIL,-22.9324933,-43.2403543,10723,CONCORRENTES,0,0,0,0
DROGASMIL,-22.9048199,-43.559831,10724,CONCORRENTES,0,0,0,0
DROGASMIL,-22.9508034,-43.1872411,10725,CONCORRENTES,0,0,0,0
DROGASMIL,-22.9020148,-43.2828759,10726,CONCORRENTES,0,0,0,0
DROGASMIL,-22.9252855,-43.1767693,10727,CONCORRENTES,0,0,0,0
DROGASMIL,-22.9270219,-43.1766223,10728,CONCORRENTES,0,0,0,0
DROGASMIL,-22.8414075,-43.2782036,10729,CONCORRENTES,0,0,0,0
DROGASMIL,-22.8902404,-43.2706663,10730,CONCORRENTES,0,0,0,0
DROGASMIL,-22.8786888,-43.4665869,10731,CONCORRENTES,0,0,0,0
DROGASMIL,-22.9207535,-43.2186359,10732,CONCORRENTES,0,0,0,0
DROGASMIL,-22.9157138,-43.2217369,10733,CONCORRENTES,0,0,0,0
DROGASMIL,-22.9389976,-43.178339,10734,CONCORRENTES,0,0,0,0
DROGASMIL,-22.9497553,-43.1849928,10735,CONCORRENTES,0,0,0,0
DROGASMIL,-23.0074508,-43.4527845,10736,CONCORRENTES,0,0,0,0
DROGASMIL,-22.9051134,-43.1754541,10737,CONCORRENTES,0,0,0,0
DROGASMIL,-22.9844311,-43.2035839,10738,CONCORRENTES,0,0,0,0
DROGASMIL,-22.9837856,-43.2103472,10739,CONCORRENTES,0,0,0,0
DROGASMIL,-22.9845809,-43.1972698,10740,CONCORRENTES,0,0,0,0
DROGASMIL,-22.9533364,-43.1893245,10741,CONCORRENTES,0,0,0,0
DROGASMIL,-22.9541667,-43.1927621,10742,CONCORRENTES,0,0,0,0
DROGASMIL,-22.8013582,-43.3716903,10743,CONCORRENTES,0,0,0,0
DROGASMIL,-22.9168,-43.2499,10744,CONCORRENTES,0,0,0,0
DROGASMIL,-23.0179,-43.4649,10745,CONCORRENTES,0,0,0,0
DROGASMIL,-22.9019,-43.5568,10746,CONCORRENTES,0,0,0,0
PAGUE MENOS,-22.8137366,-42.3905105,10747,CONCORRENTES,0,0,0,0
PAGUE MENOS,-22.879622,-42.01829,10748,CONCORRENTES,0,0,0,0
PAGUE MENOS,-21.7581488,-41.336278,10749,CONCORRENTES,0,0,0,0
PAGUE MENOS,-21.757047,-41.305197,10750,CONCORRENTES,0,0,0,0
PAGUE MENOS,-21.75989,-41.326235,10751,CONCORRENTES,0,0,0,0
PAGUE MENOS,-21.764243,-41.313711,10752,CONCORRENTES,0,0,0,0
PAGUE MENOS,-22.7633769,-42.9018992,10753,CONCORRENTES,0,0,0,0
PAGUE MENOS,-21.2017405,-41.888575,10754,CONCORRENTES,0,0,0,0
PAGUE MENOS,-22.361843,-41.818649,10755,CONCORRENTES,0,0,0,0
PAGUE MENOS,-22.811442,-43.415873,10756,CONCORRENTES,0,0,0,0
PAGUE MENOS,-22.919278,-43.048744,10757,CONCORRENTES,0,0,0,0
PAGUE MENOS,-22.902219,-43.111657,10758,CONCORRENTES,0,0,0,0
PAGUE MENOS,-22.759455,-43.452312,10759,CONCORRENTES,0,0,0,0
PAGUE MENOS,-22.510777,-43.186622,10760,CONCORRENTES,0,0,0,0
PAGUE MENOS,-22.507647,-43.170744,10761,CONCORRENTES,0,0,0,0
PAGUE MENOS,-22.5073928,-41.927082,10762,CONCORRENTES,0,0,0,0
PAGUE MENOS,-22.504589,-41.925096,10763,CONCORRENTES,0,0,0,0
PAGUE MENOS,-23.0127763,-43.4587697,10764,CONCORRENTES,0,0,0,0
PAGUE MENOS,-23.0163152,-43.4748457,10765,CONCORRENTES,0,0,0,0
PAGUE MENOS,-22.935024,-43.518246,10766,CONCORRENTES,0,0,0,0
PAGUE MENOS,-22.8740155,-43.3368842,10767,CONCORRENTES,0,0,0,0
PAGUE MENOS,-22.965693,-43.1777819,10768,CONCORRENTES,0,0,0,0
PAGUE MENOS,-22.968333,-43.183037,10769,CONCORRENTES,0,0,0,0
PAGUE MENOS,-22.964063,-43.17495,10770,CONCORRENTES,0,0,0,0
PAGUE MENOS,-22.805669,-43.200895,10771,CONCORRENTES,0,0,0,0
PAGUE MENOS,-23.011896,-43.513906,10772,CONCORRENTES,0,0,0,0
PAGUE MENOS,-22.90316,-43.179817,10773,CONCORRENTES,0,0,0,0
PAGUE MENOS,-22.929077,-43.240406,10774,CONCORRENTES,0,0,0,0
PAGUE MENOS,-22.906202,-43.284261,10775,CONCORRENTES,0,0,0,0
PAGUE MENOS,-22.902117,-43.278468,10776,CONCORRENTES,0,0,0,0
PAGUE MENOS,-22.90513,-43.289218,10777,CONCORRENTES,0,0,0,0
PAGUE MENOS,-22.932809,-43.334229,10778,CONCORRENTES,0,0,0,0
PAGUE MENOS,-22.840872,-43.279305,10779,CONCORRENTES,0,0,0,0
PAGUE MENOS,-22.805761,-43.21114,10780,CONCORRENTES,0,0,0,0
PAGUE MENOS,-22.9526218,-43.1877325,10781,CONCORRENTES,0,0,0,0
PAGUE MENOS,-22.8205965,-43.0463549,10782,CONCORRENTES,0,0,0,0
PAGUE MENOS,-22.499727,-44.109058,10783,CONCORRENTES,0,0,0,0
PACHECO,-23.0134946,-43.4789242,10784,CONCORRENTES,0,0,0,0
VENANCIO,-22.9243303,-43.2318199,1,VENANCIO,1,9,13,22
VENANCIO,-22.9252379,-43.2337534,2,VENANCIO,1,11,13,24
VENANCIO,-22.904017,-43.1817515,3,VENANCIO,1,3,9,12
VENANCIO,-22.9250522,-43.2321566,4,VENANCIO,1,9,13,22
VENANCIO,-23.0130808,-43.3050595,5,VENANCIO,1,0,4,4
VENANCIO,-22.9235277,-43.2285539,6,VENANCIO,1,8,10,18
VENANCIO,-22.9238377,-43.232671,7,VENANCIO,1,9,12,21
VENANCIO,-22.9027878,-43.1775019,8,VENANCIO,1,4,13,17
VENANCIO,-22.9241223,-43.2339415,9,VENANCIO,1,9,12,21
VENANCIO,-22.9164865,-43.2379999,10,VENANCIO,1,2,1,3
VENANCIO,-22.9765571,-43.190444,11,VENANCIO,1,2,6,8
VENANCIO,-22.9814992,-43.2240848,12,VENANCIO,1,2,8,10
VENANCIO,-22.9228633,-43.2230134,13,VENANCIO,1,2,7,9
VENANCIO,-22.925932,-43.3740905,14,VENANCIO,1,1,8,9
VENANCIO,-22.9041449,-43.2857509,16,VENANCIO,1,1,8,9
VENANCIO,-22.9842209,-43.2031063,17,VENANCIO,1,3,7,10
VENANCIO,-23.0123983,-43.4610942,18,VENANCIO,1,2,6,8
VENANCIO,-22.9151905,-43.2432315,19,VENANCIO,1,2,3,5
VENANCIO,-23.0045937,-43.31841,20,VENANCIO,1,0,2,2
VENANCIO,-22.9842401,-43.2094386,21,VENANCIO,1,2,6,8
VENANCIO,-23.0126314,-43.3120918,22,VENANCIO,1,0,0,0
VENANCIO,-22.9074567,-43.1761969,23,VENANCIO,1,4,16,20
VENANCIO,-22.92341,-43.2294955,24,VENANCIO,1,7,10,17
VENANCIO,-23.0013038,-43.3494768,25,VENANCIO,1,1,3,4
VENANCIO,-22.9411787,-43.3425539,26,VENANCIO,1,2,5,7
VENANCIO,-22.9318181,-43.2392504,27,VENANCIO,1,2,5,7
VENANCIO,-22.9517557,-43.1861356,28,VENANCIO,1,2,13,15
VENANCIO,-22.9295548,-43.1773081,29,VENANCIO,1,4,6,10
VENANCIO,-22.9215031,-43.3728098,30,VENANCIO,1,1,7,8
VENANCIO,-22.9384688,-43.340442,31,VENANCIO,1,2,5,7
VENANCIO,-22.9119151,-43.202639,32,VENANCIO,1,0,0,0
VENANCIO,-22.9232358,-43.2577841,34,VENANCIO,1,0,1,1
VENANCIO,-22.9852623,-43.2254138,35,VENANCIO,0,2,7,9
VENANCIO,-22.8737384,-43.3374813,36,VENANCIO,1,1,8,9
VENANCIO,-22.9020453,-43.2807992,37,VENANCIO,1,1,10,11
VENANCIO,-22.9733002,-43.1882796,38,VENANCIO,0,3,10,13
VENANCIO,-22.894509,-43.1235131,39,VENANCIO,1,1,13,14
VENANCIO,-22.8749407,-43.336265,40,VENANCIO,0,1,7,8
VENANCIO,-22.8994009,-43.1110499,41,VENANCIO,0,2,12,14
VENANCIO,-22.8647476,-43.2548977,42,VENANCIO,0,1,3,4
VENANCIO,-22.9535727,-43.1902572,43,VENANCIO,0,2,10,12
VENANCIO,-22.9075807,-43.1103111,44,VENANCIO,0,2,12,14
VENANCIO,-22.8940144,-43.1213729,45,VENANCIO,0,1,13,14
VENANCIO,-22.8660561,-43.2552512,46,VENANCIO,0,1,3,4
VENANCIO,-22.9743413,-43.189506,47,VENANCIO,0,2,8,10
VENANCIO,-22.9696754,-43.1863239,48,VENANCIO,0,3,10,13
VENANCIO,-22.9724745,-43.3935906,49,VENANCIO,0,0,3,3
VENANCIO,-22.78663,-43.31343,50,VENANCIO,0,1,8,9
VENANCIO,-22.9033574,-43.1788367,51,VENANCIO,0,4,13,17
VENANCIO,-22.9251229,-43.1767806,52,VENANCIO,0,1,5,6
VENANCIO,-22.758745,-43.448805,54,VENANCIO,0,4,11,15
VENANCIO,-22.9024978,-43.1112204,56,VENANCIO,0,3,14,17
VENANCIO,-22.9834857,-43.2171536,57,VENANCIO,0,1,8,9
VENANCIO,-22.8048678,-43.202103,58,VENANCIO,0,1,4,5
VENANCIO,-22.9049015,-43.1779667,59,VENANCIO,0,4,13,17
VENANCIO,-22.7600531,-43.4533621,60,VENANCIO,0,4,13,17
VENANCIO,-22.9755543,-43.2284309,61,VENANCIO,0,0,2,2
VENANCIO,-22.9684965,-43.183938,62,VENANCIO,0,2,13,15
VENANCIO,-22.965564,-43.2190731,63,VENANCIO,0,1,2,3
VENANCIO,-22.9040214,-43.1094717,64,VENANCIO,0,3,16,19
VENANCIO,-22.9676365,-43.1858746,65,VENANCIO,0,2,13,15
VENANCIO,-22.87342,-43.46511,66,VENANCIO,0,0,6,6
VENANCIO,-22.9118962,-43.1747872,67,VENANCIO,0,1,7,8
VENANCIO,-22.9643942,-43.1796122,68,VENANCIO,0,0,13,13
VENANCIO,-22.9837654,-43.2073899,69,VENANCIO,0,5,7,12
VENANCIO,-22.93225,-43.1778485,70,VENANCIO,0,4,6,10
VENANCIO,-22.9847183,-43.3668619,71,VENANCIO,0,0,1,1
VENANCIO,-22.92081,-43.235595,72,VENANCIO,0,8,11,19
VENANCIO,-22.3997431,-43.1340956,73,VENANCIO,0,0,1,1
VENANCIO,-22.9030309,-43.5606704,74,VENANCIO,0,1,10,11
VENANCIO,-22.9726226,-43.3687114,75,VENANCIO,0,0,0,0
VENANCIO,-23.0009191,-43.4149257,76,VENANCIO,0,0,1,1
VENANCIO,-22.9039,-43.55956,77,VENANCIO,0,1,10,11
VENANCIO,-22.9361596,-43.1774953,78,VENANCIO,0,3,8,11
VENANCIO,-22.8108014,-43.1901868,79,VENANCIO,0,0,1,1
VENANCIO,-22.944861,-43.1826988,80,VENANCIO,0,0,6,6
VENANCIO,-22.9646849,-43.2177658,81,VENANCIO,0,1,2,3
VENANCIO,-23.0011919,-43.3860914,82,VENANCIO,0,0,3,3
VENANCIO,-22.9344035,-43.3357124,84,VENANCIO,0,0,3,3
VENANCIO,-23.0178515,-43.478979,85,VENANCIO,0,0,4,4
VENANCIO,-22.8051332,-43.202138,86,VENANCIO,0,1,4,5
VENANCIO,-22.7905667,-43.3061077,87,VENANCIO,0,0,5,5
VENANCIO,-22.7614595,-43.4218595,88,VENANCIO,0,0,0,0
VENANCIO,-23.013412,-43.460461,89,VENANCIO,0,2,6,8
VENANCIO,-22.759447,-43.4558047,90,VENANCIO,0,1,11,12
VENANCIO,-23.0003905,-43.3510019,91,VENANCIO,0,1,3,4
VENANCIO,-22.936144,-43.062179,92,VENANCIO,0,0,2,2
VENANCIO,-22.931084,-43.1782383,93,VENANCIO,0,4,6,10
VENANCIO,-22.5088204,-43.172989,94,VENANCIO,0,0,8,8
VENANCIO,-22.92346,-43.56611,105,VENANCIO,0,0,1,1
VENANCIO,-22.759751,-43.4498199,515,VENANCIO,0,4,12,16
VENANCIO,-22.9156089,-43.2462377,555,VENANCIO,1,1,8,9
VENANCIO,-22.9974706,-43.3580731,98,VENANCIO,0,0,4,4
VENANCIO,-22.8852066,-43.298814,96,VENANCIO,0,0,1,1
VENANCIO,-23.00936,-43.44953,102,VENANCIO,0,0,4,4
VENANCIO,-22.82348,-43.04739,99,VENANCIO,0,0,8,8
VENANCIO,-22.98544,-43.22786,104,VENANCIO,0,2,6,8
VENANCIO,-22.93328,-43.17663,108,VENANCIO,0,4,7,11
VENANCIO,-22.88761,-43.28219,95,VENANCIO,0,0,6,6
VENANCIO,-22.95585,-43.33722,106,VENANCIO,0,0,1,1
VENANCIO,-22.7591,-43.4499,103,VENANCIO,0,4,12,16
VENANCIO,-22.94716,-43.03181,109,VENANCIO,0,0,4,4
VENANCIO,-22.92443,-43.23351,100,VENANCIO,0,10,12,22
VENANCIO,-22.51238,-43.17748,110,VENANCIO,0,0,3,3
VENANCIO,-22.94355,-43.34028,111,VENANCIO,0,2,5,7
VENANCIO,-23.00069,-43.37506,112,VENANCIO,0,0,0,0
VENANCIO,-22.98445,-43.203,113,VENANCIO,0,3,7,10
VENANCIO,-22.98456,-43.20185,114,VENANCIO,0,3,6,9
VENANCIO,-22.983855,-43.2127138,115,VENANCIO,0,3,7,10
VENANCIO,-22.9203862,-43.2180554,116,VENANCIO,0,1,4,5
VENANCIO,-23.0105437,-43.4571769,117,VENANCIO,0,2,5,7
VENANCIO,-22.9296,-43.23701,119,VENANCIO,0,3,6,9
VENANCIO,-22.93351,-43.18529,121,VENANCIO,0,0,2,2
VENANCIO,-23.00079,-44.30213,125,VENANCIO,0,0,3,3
VENANCIO,-22.7604454,-43.4472523,124,VENANCIO,0,3,9,12
VENANCIO,-22.787398,-43.3118021,123,VENANCIO,0,1,9,10
VENANCIO,-22.77408,-41.92295,118,VENANCIO,0,0,0,0
VENANCIO,-22.92385,-43.23637,126,VENANCIO,0,8,12,20
VENANCIO,-22.9041449,-43.2990335,120,VENANCIO,0,0,0,0
VENANCIO,-22.91641,-43.22969,127,VENANCIO,0,0,0,0
VENANCIO,-22.948943,-43.1893188,131,VENANCIO,0,2,10,12
VENANCIO,-22.9571002,-43.1770541,132,VENANCIO,0,0,2,2
VENANCIO,-22.9287641,-43.2369461,136,VENANCIO,0,5,9,14
VENANCIO,-22.5183626,-44.1041301,135,VENANCIO,0,0,2,2
VENANCIO,-22.922031,-43.2644083,134,VENANCIO,0,0,0,0
